candidate_start_fy,horizon_months,dimension,segment,eligible_loans,chargeoffs,valid_gross_amount_loans,gross_approval,sba_guaranteed_approval,chargeoff_loan_approval,gross_chargeoff_amount,flagged_financial_chargeoffs,sensitivity_gross_approval,sensitivity_chargeoff_loan_approval,sensitivity_gross_chargeoff_amount,chargeoff_rate_percent,ci95_low_percent,ci95_high_percent,passes_rate_reporting_rule,approval_weighted_chargeoff_incidence_percent,gross_chargeoff_rate_percent,chargeoff_severity_percent,sensitivity_gross_chargeoff_rate_percent,sensitivity_chargeoff_severity_percent,total_gross_approval,total_chargeoff_loan_approval,total_gross_chargeoff_amount,total_sensitivity_gross_chargeoff_amount,gross_approval_share_percent,chargeoff_loan_approval_share_percent,gross_chargeoff_amount_share_percent,sensitivity_gross_chargeoff_amount_share_percent,financial_anomaly_share_shift_pp
2001,120,loan_size_band,More than $1m,45746,3505,45746,80208492154.67,60941501964.33429,5552453229.0,3196068892.310001,47,80135247154.67,5479208229.0,3116039481.55,7.661872,7.42167,7.909184,True,6.922525,3.984701,57.561383,3.888476,56.870251,206223316725.65,21365606564.17,14162165844.38,13604006615.14,38.89399774389997,25.987809952053656,22.567656158173737,22.90530701508287,-0.3376508569091321
2001,120,loan_size_band,$350k to $1m,104920,10856,104920,62864893692.76,47867332985.61658,6363930019.0,4002699194.19,212,62745875704.76,6244912031.0,3875180786.95,10.346931,10.164088,10.532677,True,10.123186,6.367145,62.896656,6.175993,62.053409,206223316725.65,21365606564.17,14162165844.38,13604006615.14,30.483892263449803,29.785861683291852,28.263326656200675,28.485584405974066,-0.22225774977339086
2001,120,loan_size_band,Up to $50k,398050,88994,398050,10818506568.05,5985702307.1425,2438047882.0,2033260096.15,2631,10745378523.05,2364919837.0,1898068433.24,22.357493,22.228328,22.487191,True,22.535901,18.794277,83.397053,17.664044,80.259314,206223316725.65,21365606564.17,14162165844.38,13604006615.14,5.2460152129365865,11.411086667151274,14.356985495667407,13.952275141704398,0.4047103539630097
2001,120,loan_size_band,$50k to $150k,203959,31877,203959,20995101745.42,14170825064.221498,3231655618.17,2356211215.86,700,20925448315.42,3162002188.17,2261590782.58,15.629122,15.472175,15.787363,True,15.392427,11.222671,72.910344,10.807849,71.524011,206223316725.65,21365606564.17,14162165844.38,13604006615.14,10.180760390616214,15.125503731728676,16.637364946513603,16.62444636025874,0.012918586254862419
2001,120,loan_size_band,$150k to $350k,125836,15377,125836,31336322564.75,21827801034.6615,3779519816.0,2573926445.87,441,31229462194.75,3672659446.0,2453127130.82,12.219873,12.040068,12.401985,True,12.061147,8.213875,68.101943,7.855169,66.794299,206223316725.65,21365606564.17,14162165844.38,13604006615.14,15.195334389097427,17.68973796577455,18.174666743444586,18.032387076979933,0.14227966646465262
2001,120,term_band,241 to 360,76854,2628,76854,69370606101.0,52593575151.52889,2329138357.0,1251167091.86,68,69326736099.0,2285268355.0,1206053190.18,3.419471,3.2933,3.550298,True,3.357529,1.803598,53.718024,1.739665,52.775123,206223316725.65,21365606564.17,14162165844.38,13604006615.14,33.63858520095837,10.901344410722006,8.834574496643837,8.865426372534799,-0.030851875890961722
2001,120,term_band,121 to 180,42198,2601,42198,17633169846.760002,13245794705.68726,1360210830.0,794393243.45,64,17610385961.760002,1337426945.0,769251493.3,6.163799,5.938303,6.397276,True,7.713933,4.505107,58.402214,4.368169,57.517272,206223316725.65,21365606564.17,14162165844.38,13604006615.14,8.550521893806199,6.366357191473637,5.609263810204854,5.654595113500565,-0.04533130329571122
2001,120,term_band,13 to 60,216250,81571,216250,18599112330.8,12073261482.102,6289552383.17,4298306093.249999,2194,18480955888.8,6171395941.17,4116956637.05,37.720694,37.516631,37.925193,True,33.816412,23.110275,68.340413,22.276752,66.710298,206223316725.65,21365606564.17,14162165844.38,13604006615.14,9.01891824169592,29.437743151732203,30.35062673662803,30.26282442753452,0.08780230909350806
2001,120,term_band,61 to 84,330355,30840,330355,29115035711.0,18997949446.32408,3929384929.0,2826367229.86,438,29061459542.0,3875808760.0,2763197932.07,9.335412,9.236677,9.435093,True,13.496068,9.707586,71.928999,9.508118,71.293454,206223316725.65,21365606564.17,14162165844.38,13604006615.14,14.11820747201603,18.391169551860777,19.95716799900061,20.311647959615197,-0.35447996061458653
2001,120,term_band,85 to 120,146043,14371,146043,46379836052.42,35152652903.8312,4205942645.0,3183101088.11,482,46247473142.42,4073579735.0,3037265806.67,9.840253,9.688545,9.994073,True,9.068472,6.863114,75.681039,6.56742,74.560117,206223316725.65,21365606564.17,14162165844.38,13604006615.14,22.490102859766143,19.68557565809221,22.476089625607347,22.326259407208788,0.14983021839855937
2001,120,term_band,181 to 240,32597,2827,32597,19046170449.010002,14276450016.286932,2060541500.0,1079487077.14,59,19013982224.010002,2028353275.0,1044495404.34,8.672577,8.37191,8.982984,True,10.818666,5.667738,52.388514,5.493302,51.494748,206223316725.65,21365606564.17,14162165844.38,13604006615.14,9.235701738978502,9.644198463597643,7.62233043308397,7.677851341071632,-0.055520907987661516
2001,120,term_band,1 to 12,33155,15092,33155,5955023209.66,4367386760.966,1133591845.0,692993307.39,699,5917280009.66,1095848645.0,632147220.79,45.519529,44.984045,46.056052,True,19.035893,11.637122,61.132524,10.683071,57.685632,206223316725.65,21365606564.17,14162165844.38,13604006615.14,2.887657566667056,5.305685291898182,4.893272081438037,4.646772371357705,0.24649971008033233
2001,120,term_band,Invalid or missing,1059,679,1059,124363025.0,86092889.25,57244075.0,36350713.32,27,123139025.0,56020075.0,34638930.74,64.117092,61.181953,66.950183,True,46.029819,29.229518,63.501268,28.129937,61.833067,206223316725.65,21365606564.17,14162165844.38,13604006615.14,0.06030502611178873,0.2679262806233547,0.25667481739330944,0.25462300717679803,0.002051810216511407
2001,120,guarantee_percent_band,>50% to 75%,224110,26084,224110,145586991111.09,108740907875.39337,13806649005.0,8614231067.890001,689,145315274908.09,13534932802.0,8315838701.63,11.638927,11.506813,11.772357,True,9.483436,5.916896,62.391903,5.722618,61.439823,206223316725.65,21365606564.17,14162165844.38,13604006615.14,70.596765401059,64.62090820371874,60.82566157286178,61.12786428944574,-0.30220271658395603
2001,120,guarantee_percent_band,>0% to 50%,470546,89329,470546,29638158780.0,14759060503.376,4464187300.0,3572020493.75,2974,29514497280.0,4340525800.0,3364389451.11,18.984116,18.872316,19.096423,True,15.062296,12.0521,80.015023,11.399108,77.511104,206223316725.65,21365606564.17,14162165844.38,13604006615.14,14.371875717346377,20.894268957879326,25.222275554466073,24.73087191361511,0.49140364085096166
2001,120,guarantee_percent_band,>75% to 85%,142646,30973,142646,11251213753.85,9528008943.060497,1830193235.17,1240319466.51,315,11225934723.85,1804914205.17,1211409617.45,21.713192,21.499999,21.927908,True,16.266629,11.023873,67.769864,10.791169,67.117296,206223316725.65,21365606564.17,14162165844.38,13604006615.14,5.4558397820834665,8.566071970262824,8.757978688705997,8.904800267458068,-0.14682157875207125
2001,120,guarantee_percent_band,>85% to 90%,41194,4217,41194,19742033150.05,17760466716.5525,1263102024.0,734838289.23,53,19720785050.05,1241853924.0,711612317.95,10.236928,9.947897,10.533374,True,6.398034,3.722202,58.177271,3.608438,57.302417,206223316725.65,21365606564.17,14162165844.38,13604006615.14,9.573133369935027,5.9118472494865415,5.188742296232941,5.230902469262558,-0.042160173029617276
2001,120,naics2,62,71124,6568,71124,21203425271.16,15671590375.1812,1324997998.0,873791719.0,192,21167438204.16,1289010931.0,831976924.21,9.234576,9.024003,9.449553,True,6.248981,4.120993,65.946644,3.930456,64.543822,206223316725.65,21365606564.17,14162165844.38,13604006615.14,10.281778805530541,6.201546368554845,6.169901755152433,6.115675681045955,0.05422607410647817
2001,120,naics2,42,50548,9906,50548,13953574635.66,10264721172.965399,1335521107.0,913627401.66,269,13927257335.66,1309203807.0,876068638.88,19.597215,19.253488,19.945561,True,9.571175,6.547623,68.409806,6.290317,66.916139,206223316725.65,21365606564.17,14162165844.38,13604006615.14,6.766244892774755,6.2507989323348365,6.451184174082784,6.43978398176473,0.011400192318054003
2001,120,naics2,51,13713,2770,13713,2338436168.0,1668629812.21,250579943.0,172796478.76,70,2334406868.0,246550643.0,167034495.61,20.19981,19.536217,20.880096,True,10.715706,7.389403,68.958623,7.155329,67.748554,206223316725.65,21365606564.17,14162165844.38,13604006615.14,1.1339339339163805,1.1728192328516485,1.2201274908002238,1.2278330960535266,-0.007705605253302883
2001,120,naics2,81,85894,14949,85894,17287793005.32,12691549269.64545,1908605346.0,1282933305.04,335,17250388503.32,1871200844.0,1238835705.08,17.40401,17.151915,17.65902,True,11.040191,7.421036,67.218365,7.181495,66.205384,206223316725.65,21365606564.17,14162165844.38,13604006615.14,8.383044788441108,8.933073536984063,9.058877851999657,9.106403283436297,-0.047525431436639565
2001,120,naics2,45,43382,9646,43382,5711933055.17,4078571527.9,939616288.17,648928917.45,247,5696972110.17,924655343.17,629149450.88,22.235028,21.846201,22.628772,True,16.450058,11.360934,69.063183,11.043576,68.041509,206223316725.65,21365606564.17,14162165844.38,13604006615.14,2.769780423408131,4.397798327643696,4.582130477645238,4.624736437424361,-0.04260595977912285
2001,120,naics2,33,38994,5377,38994,12654530007.0,9348908216.8,1162223530.0,731712479.81,169,12631816056.0,1139509579.0,703852361.81,13.789301,13.45065,14.135086,True,9.184249,5.782218,62.957982,5.57206,61.768007,206223316725.65,21365606564.17,14162165844.38,13604006615.14,6.136323577723757,5.439693586556266,5.166670746906745,5.173860772948151,-0.00719002604140595
2001,120,naics2,23,83673,15855,83673,12288888325.0,8486899872.237,1721720327.0,1186689986.89,533,12255639725.0,1688471727.0,1134879326.59,18.948765,18.684655,19.215725,True,14.010383,9.65661,68.924666,9.260058,67.213404,206223316725.65,21365606564.17,14162165844.38,13604006615.14,5.959019823810016,8.058373263726176,8.37929734709975,8.342243272117967,0.03705407498178204
2001,120,naics2,72,107378,18528,107378,35767198936.83,26636501785.9635,3987427134.0,2601883813.71,548,35655300400.83,3875528598.0,2476637015.52,17.254931,17.030099,17.482107,True,11.148279,7.274497,65.252197,6.946056,63.904496,206223316725.65,21365606564.17,14162165844.38,13604006615.14,17.343916054076967,18.662831415640184,18.372075587170947,18.20520296398366,0.16687262318728813
2001,120,naics2,44,105430,20385,105430,28262513810.0,20822320854.19554,3262539012.0,2097000323.78,483,28211487692.0,3211512894.0,2033234013.35,19.335104,19.097836,19.574606,True,11.543697,7.419723,64.275103,7.207114,63.310785,206223316725.65,21365606564.17,14162165844.38,13604006615.14,13.704810037363112,15.270050968135207,14.807059505041433,14.945846991041586,-0.13878748600015278
2001,120,naics2,54,87779,13434,87779,14963053317.0,10625763896.909,1266583224.0,912770896.39,367,14935321517.0,1238851424.0,873996017.37,15.304344,15.067691,15.544034,True,8.464738,6.100165,72.065608,5.851873,70.548897,206223316725.65,21365606564.17,14162165844.38,13604006615.14,7.255752431189029,5.928140725590506,6.445136333099903,6.4245486061240475,0.020587726975855425
2001,120,naics2,52,13869,2631,13869,2572352570.0,1857142072.157,197951730.0,142945884.82,48,2569521370.0,195120530.0,139021332.51,18.970366,18.326484,19.631431,True,7.695358,5.55701,72.212496,5.410398,71.248952,206223316725.65,21365606564.17,14162165844.38,13604006615.14,1.247362621668111,0.9264971223984061,1.009350450988579,1.0219146200302647,-0.01256416904168578
2001,120,naics2,48,32467,6156,32467,4341059724.0,3032613929.42,514720631.0,333001897.24,120,4336622424.0,510283331.0,325681365.45,18.960791,18.538087,19.39084,True,11.857027,7.670982,64.695658,7.510024,63.823634,206223316725.65,21365606564.17,14162165844.38,13604006615.14,2.1050285646288707,2.409108440025211,2.3513486630446843,2.3940106371864505,-0.0426619741417662
2001,120,naics2,56,44303,7947,44303,5932414680.76,4187057909.256,715058466.0,504509727.07,206,5920412505.76,703056291.0,487261489.02,17.937837,17.583359,18.297875,True,12.053413,8.50429,70.555032,8.230195,69.306184,206223316725.65,21365606564.17,14162165844.38,13604006615.14,2.8766944373473593,3.346773534616841,3.5623769175828826,3.5817498682904425,-0.019372950707559955
2001,120,naics2,32,18983,3027,18983,6295877754.75,4648233954.04908,721808163.0,445038821.23,84,6285981954.75,711912363.0,431042690.13,15.945846,15.431946,16.473527,True,11.464774,7.068734,61.656108,6.857205,60.547156,206223316725.65,21365606564.17,14162165844.38,13604006615.14,3.0529417597941877,3.378364947571712,3.1424488748421604,3.1684980926890276,-0.0260492178468672
2001,120,naics2,53,19046,3974,19046,5057056494.0,3714687281.522,438964497.0,278567453.68,84,5051862825.0,433770828.0,271627199.03,20.865274,20.294089,21.448208,True,8.680237,5.50849,63.460133,5.376773,62.619978,206223316725.65,21365606564.17,14162165844.38,13604006615.14,2.4522234315180156,2.0545379588527153,1.9669834172330674,1.9966705891461713,-0.029687171913103994
2001,120,naics2,22,720,92,720,158166071.0,114892362.525,10517000.0,7644720.38,3,157893571.0,10244500.0,7295580.96,12.777778,10.535286,15.41535,True,6.64934,4.83335,72.689174,4.620569,71.214612,206223316725.65,21365606564.17,14162165844.38,13604006615.14,0.07669650237000933,0.049223971097721836,0.05397988177799563,0.05362817856822191,0.0003517032097737141
2001,120,naics2,61,10674,1737,10674,1981151581.0,1443315584.017,188964409.0,132684937.68,56,1977379881.0,185192709.0,127740517.33,16.273187,15.585092,16.98555,True,9.53811,6.697364,70.216893,6.46009,68.977077,206223316725.65,21365606564.17,14162165844.38,13604006615.14,0.9606826291304551,0.8844326906070257,0.9368972171205976,0.9389918789648091,-0.002094661844211476
2001,120,naics2,11,9684,833,9684,4364916233.0,3331469689.363,292880106.0,164252217.6,33,4360483368.0,288447241.0,158541241.53,8.601817,8.059652,9.176814,True,6.709868,3.76301,56.081726,3.635864,54.963688,206223316725.65,21365606564.17,14162165844.38,13604006615.14,2.116596853500753,1.3708017374576122,1.1597958914256081,1.1654010911282437,-0.0056051997026356215
2001,120,naics2,31,15526,2478,15526,4236028239.0,3117801537.902,380991685.0,250836024.29,77,4225388939.0,370352385.0,236618204.6,15.960325,15.392676,16.544813,True,8.994078,5.921491,65.837664,5.599915,63.890018,206223316725.65,21365606564.17,14162165844.38,13604006615.14,2.0540976191530356,1.783200883418498,1.771169940009845,1.739327326823451,0.03184261318639403
2001,120,naics2,71,19770,3498,19770,5356014702.0,3953756322.763,614465077.0,397724418.49,90,5335163497.0,593613872.0,373488482.13,17.693475,17.167819,18.231684,True,11.472431,7.425753,64.726936,7.000507,62.917748,206223316725.65,21365606564.17,14162165844.38,13604006615.14,2.597191620734815,2.8759542826668656,2.8083587133519536,2.745430024374892,0.0629286889770615
2001,120,naics2,49,3063,555,3063,621852273.0,452237168.37,54553500.0,38844475.61,11,621123273.0,53824500.0,37916923.52,18.119491,16.79562,19.523227,True,8.772743,6.246576,71.204369,6.104573,70.445473,206223316725.65,21365606564.17,14162165844.38,13604006615.14,0.30154314404092514,0.255333261127657,0.27428343967186863,0.2787187965477904,-0.004435356875921781
2001,120,naics2,21,1981,181,1981,744322137.0,553064295.2772,64240391.0,37228931.64,3,742867137.0,62785391.0,35530845.1,9.1368,7.945839,10.485933,True,8.630724,5.001723,57.95253,4.782934,56.590943,206223316725.65,21365606564.17,14162165844.38,13604006615.14,0.36093015514351945,0.30067197393651707,0.26287597567411364,0.26117926949886555,0.001696706175248086
2001,120,project_state,NY,58051,10919,58051,9099532951.0,6290557171.81758,1004741715.0,717858554.54,267,9082212051.0,987420815.0,692018835.64,18.809323,18.493496,19.129277,True,11.041684,7.88896,71.447074,7.619497,70.083477,206223316725.65,21365606564.17,14162165844.38,13604006615.14,4.412465620027632,4.7026126404711865,5.068847254213375,5.086875177419034,-0.01802792320565949
2001,120,project_state,GA,22847,5176,22847,9058515298.0,6844388069.2867,953731208.0,603390500.4,88,9040615098.0,935831008.0,583012284.57,22.655053,22.116886,23.202414,True,10.52856,6.661031,63.266306,6.448812,62.298885,206223316725.65,21365606564.17,14162165844.38,13604006615.14,4.3925756998909256,4.463862072605052,4.260580669865864,4.285592480682577,-0.025011810816712554
2001,120,project_state,OH,38383,5321,38383,6689719510.0,4686861816.774,673237144.0,446668068.81,180,6678108041.0,661625675.0,430783158.4,13.862908,13.520822,14.212227,True,10.063757,6.676933,66.34632,6.450677,65.109801,206223316725.65,21365606564.17,14162165844.38,13604006615.14,3.243920045617196,3.1510322067289906,3.153953100946436,3.1665903331785965,-0.0126372322321604
2001,120,project_state,MN,23254,2849,23254,5322258162.99,3923076782.9455,519033908.17,317245672.11,90,5312496737.99,509272483.17,303961037.27,12.251656,11.836458,12.679323,True,9.752137,5.960734,61.12234,5.721623,59.685345,206223316725.65,21365606564.17,14162165844.38,13604006615.14,2.58082269623783,2.429296386279138,2.2400929038399395,2.2343493785993864,0.0057435252405531045
2001,120,project_state,LA,8134,1406,8134,1683217597.0,1266620756.564,202455681.0,129980224.92,25,1679335539.0,198573623.0,125357156.17,17.285468,16.479233,18.122589,True,12.027897,7.722128,64.201817,7.464688,63.128805,206223316725.65,21365606564.17,14162165844.38,13604006615.14,0.8162110976225231,0.9475775021501942,0.9177990594678731,0.9214723258844133,-0.0036732664165401996
2001,120,project_state,MO,16733,2753,16733,3662314509.0,2732040715.667,459575862.0,287278299.32,75,3651766309.0,449027662.0,274738640.88,16.452519,15.898479,17.021958,True,12.548782,7.844173,62.50944,7.523445,61.185237,206223316725.65,21365606564.17,14162165844.38,13604006615.14,1.775897394702547,2.151007791984273,2.028491280759865,2.0195421000034015,0.008949180756463448
2001,120,project_state,IN,16831,2598,16831,3849233513.57,2790324287.2915,422396959.0,269673908.67,88,3836160662.57,409324108.0,255464402.24,15.435803,14.897873,15.989507,True,10.973534,7.005912,63.843715,6.659377,62.411277,206223316725.65,21365606564.17,14162165844.38,13604006615.14,1.8665365171538013,1.9769949321652178,1.9041855012382534,1.8778614967423772,0.02632400449587613
2001,120,project_state,NC,15187,2645,15187,4208950315.0,3105445049.237,393790977.0,249573670.59,39,4203836715.0,388677377.0,243483913.26,17.416211,16.821306,18.027596,True,9.356038,5.929594,63.377194,5.791945,62.644221,206223316725.65,21365606564.17,14162165844.38,13604006615.14,2.0409672300050308,1.8431069383276262,1.7622563761251167,1.7897956105742037,-0.027539234449087013
2001,120,project_state,CO,20114,3505,20114,5485960682.0,4060885923.899,553313048.0,353170239.27,80,5477021582.0,544373948.0,341382220.81,17.425674,16.907684,17.956104,True,10.085983,6.43771,63.828287,6.23299,62.710977,206223316725.65,21365606564.17,14162165844.38,13604006615.14,2.6602038843639924,2.5897371382280476,2.4937586747026357,2.5094241017941963,-0.015665427091560602
2001,120,project_state,NH,10275,1208,10275,1027113372.0,679976485.77,111726980.0,72896572.95,79,1024632072.0,109245680.0,68461370.01,11.756691,11.148147,12.39382,True,10.877765,7.097228,65.245273,6.681556,62.667348,206223316725.65,21365606564.17,14162165844.38,13604006615.14,0.4980587977674825,0.5229291275416702,0.5147275759302571,0.5032441687716386,0.011483407158618508
2001,120,project_state,ND,3395,239,3395,651148049.0,466590653.5,38361175.0,21372431.6,7,650121349.0,37334475.0,20195076.16,7.039764,6.226926,7.949712,True,5.891314,3.282269,55.713704,3.106355,54.0923,206223316725.65,21365606564.17,14162165844.38,13604006615.14,0.3157489945068905,0.17954638865405054,0.15091216862483833,0.14844947324213112,0.002462695382707214
2001,120,project_state,IL,29299,6229,29299,6353146197.0,4621910450.009701,851106427.0,586299205.48,148,6329225897.0,827186127.0,557543090.76,21.260111,20.795403,21.732355,True,13.396613,9.228486,68.886709,8.809025,67.402374,206223316725.65,21365606564.17,14162165844.38,13604006615.14,3.0807118699637313,3.9835350540775223,4.139897893602639,4.098374152064188,0.04152374153845173
2001,120,project_state,MA,28235,3283,28235,3417389070.0,2269074104.65,320647998.0,218181402.76,179,3408904070.0,312162998.0,204090813.23,11.627413,11.258723,12.006543,True,9.382836,6.384447,68.0439,5.986992,65.379566,206223316725.65,21365606564.17,14162165844.38,13604006615.14,1.6571303013937735,1.5007671185789075,1.540593473890022,1.5002257717433467,0.04036770214667529
2001,120,project_state,TN,8661,1795,8661,2322713273.0,1742578778.993,260878221.0,159101168.08,24,2320078428.0,258243376.0,155965397.29,20.725089,19.884508,21.591628,True,11.231615,6.849798,60.986758,6.722419,60.394733,206223316725.65,21365606564.17,14162165844.38,13604006615.14,1.1263097257280712,1.2210194932517915,1.1234239863328281,1.1464666381183979,-0.023042651785569745
2001,120,project_state,FL,43216,11285,43216,11174591140.0,8201371410.273259,1655693398.0,1200156910.75,278,11138995040.0,1620097298.0,1156290284.06,26.113014,25.701018,26.529255,True,14.81659,10.740052,72.486664,10.380562,71.371657,206223316725.65,21365606564.17,14162165844.38,13604006615.14,5.418684616961214,7.74933954263011,8.474388196959723,8.499630416036082,-0.025242219076359262
2001,120,project_state,PA,35741,4827,35741,6382894883.74,4569675997.017,613663405.0,420578100.83,239,6367520783.74,598289305.0,398460736.91,13.505498,13.155082,13.863758,True,9.614186,6.589143,68.535633,6.257706,66.60001,206223316725.65,21365606564.17,14162165844.38,13604006615.14,3.0951373419289485,2.872202121465206,2.969730092497814,2.928995465692806,0.040734626805007945
2001,120,project_state,AL,5754,1174,5754,1632198442.0,1233631577.67,185390280.0,116299151.78,19,1623906682.0,177098520.0,107503295.13,20.403198,19.381842,21.464046,True,11.358317,7.125307,62.732065,6.620041,60.702537,206223316725.65,21365606564.17,14162165844.38,13604006615.14,0.7914713369542987,0.8677042678062716,0.8211960872224302,0.7902325996398648,0.030963487582565397
2001,120,project_state,CA,116914,23731,116914,35585891066.0,26318958301.6642,3092112242.0,2094190745.47,396,35526143199.0,3032364375.0,2024202650.02,20.297826,20.068248,20.529355,True,8.689152,5.884891,67.726867,5.697783,66.753279,206223316725.65,21365606564.17,14162165844.38,13604006615.14,17.255997833330277,14.472382203206227,14.787220884728178,14.879459465766871,-0.09223858103869276
2001,120,project_state,MT,5329,393,5329,1024768971.0,770554676.218,57919541.0,33783766.51,9,1024102071.0,57252641.0,32906524.67,7.374742,6.703309,8.107585,True,5.651961,3.29672,58.328788,3.213208,57.475994,206223316725.65,21365606564.17,14162165844.38,13604006615.14,0.496921971419607,0.2710877448110027,0.23854943432544592,0.2418884788939906,-0.003339044568544669
2001,120,project_state,TX,66653,11609,66653,19415522010.0,14395430522.395441,1963931402.0,1275027032.1,273,19376295995.0,1924705387.0,1227098469.05,17.41707,17.131031,17.706865,True,10.115264,6.56705,64.922178,6.332988,63.755132,206223316725.65,21365606564.17,14162165844.38,13604006615.14,9.41480445483743,9.192022684221387,9.003051130106426,9.0201254951196,-0.017074365013174386
2001,120,project_state,MD,13508,2468,13508,2712068697.0,1964848783.692,283311420.0,201268031.31,77,2701021097.0,272263820.0,187488770.13,18.270654,17.628049,18.931301,True,10.446322,7.4212,71.04127,6.941403,68.862903,206223316725.65,21365606564.17,14162165844.38,13604006615.14,1.3151125391936216,1.3260162736269405,1.421167027145566,1.3781878782780241,0.04297914886754195
2001,120,project_state,WA,22378,3169,22378,6157271355.0,4592199832.81,479963921.0,294851703.85,82,6150228035.0,472920601.0,285508116.65,14.16123,13.710575,14.624187,True,7.795075,4.788675,61.432056,4.642236,60.371258,206223316725.65,21365606564.17,14162165844.38,13604006615.14,2.985729961462772,2.246432459375606,2.081967596552378,2.098706099806331,-0.01673850325395332
2001,120,project_state,WV,2474,374,2474,461627064.0,331713865.5,38303504.0,25093276.66,4,461502064.0,38178504.0,24918096.2,15.117219,13.759814,16.582783,True,8.2975,5.435833,65.5117,5.399347,65.267346,206223316725.65,21365606564.17,14162165844.38,13604006615.14,0.22384814255224467,0.17927646418536397,0.17718530439295635,0.18316733374907704,-0.005982029356120688
2001,120,project_state,RI,8056,956,8056,956381391.0,654676024.45,93054400.0,61581237.34,68,954507591.0,91180600.0,57842568.52,11.866931,11.178842,12.591371,True,9.729842,6.438983,66.177674,6.059938,63.437363,206223316725.65,21365606564.17,14162165844.38,13604006615.14,0.46376006660407165,0.43553362138593205,0.4348292345724606,0.4251877417909116,0.009641492781548966
2001,120,project_state,AR,4774,838,4774,1477679890.75,1107335716.7425,163265033.0,98987946.8,36,1474457290.75,160042433.0,95137467.81,17.553414,16.50049,18.658514,True,11.048742,6.698876,60.630219,6.452372,59.445152,206223316725.65,21365606564.17,14162165844.38,13604006615.14,0.7165435578343633,0.7641488319540365,0.6989605113209544,0.6993341778011252,-0.00037366648017078674
2001,120,project_state,NJ,25380,4840,25380,6365896780.01,4621873768.579791,649236400.0,447591662.5,147,6349562880.01,632902500.0,426132930.13,19.070134,18.59151,19.558119,True,10.198664,7.031086,68.941246,6.711217,67.329949,206223316725.65,21365606564.17,14162165844.38,13604006615.14,3.086894770720275,3.0386986582855355,3.1604746577488974,3.1324075486390424,0.028067109109854993
2001,120,project_state,NM,4389,478,4389,1041105376.0,770516272.1772,76477886.0,47186321.48,17,1038286876.0,73659386.0,43629605.26,10.890864,10.0032,11.846927,True,7.345835,4.532329,61.699302,4.202076,59.231563,206223316725.65,21365606564.17,14162165844.38,13604006615.14,0.5048436774901834,0.35794858325367174,0.3331857711490156,0.3207114381394397,0.0124743330095759
2001,120,project_state,ME,5409,529,5409,748014143.0,523453992.53,72631750.0,44420907.74,25,746842943.0,71460550.0,42811818.65,9.779996,9.016698,10.600382,True,9.709943,5.938512,61.159077,5.732372,59.909725,206223316725.65,21365606564.17,14162165844.38,13604006615.14,0.3627204502753312,0.33994705360625255,0.313658999817656,0.3147000722739609,-0.0010410724563049145
2001,120,project_state,ID,8536,1178,8536,1463310392.0,1077825525.66,137886110.0,92452017.04,46,1460798992.0,135374710.0,88608776.25,13.800375,13.084965,14.548351,True,9.422889,6.318005,67.049551,6.065775,65.454453,206223316725.65,21365606564.17,14162165844.38,13604006615.14,0.7095756266720901,0.6453648277471993,0.6528098742515992,0.65134323112859,0.0014666431230091481
2001,120,project_state,CT,11632,1620,11632,2145162178.0,1497187090.13,240593702.0,162449066.0,56,2139814178.0,235245702.0,155770961.2,13.927098,13.309804,14.568209,True,11.215642,7.57281,67.520082,7.279649,66.216284,206223316725.65,21365606564.17,14162165844.38,13604006615.14,1.0402132077304453,1.1260794364877722,1.1470637174077791,1.1450373820506772,0.0020263353571019493
2001,120,project_state,AZ,18873,3764,18873,5866908573.0,4312880715.612,762710000.0,512466599.32,87,5855588073.0,751389500.0,498549763.87,19.943835,19.379905,20.519998,True,13.000203,8.734866,67.190229,8.514085,66.350377,206223316725.65,21365606564.17,14162165844.38,13604006615.14,2.844929790749639,3.569802700004129,3.618560924587415,3.664727443716179,-0.046166519128763905
2001,120,project_state,OR,11491,1603,11491,2671099966.0,1976796640.008,201862857.0,130393610.03,28,2667784966.0,198547857.0,126495666.91,13.950048,13.328608,14.595583,True,7.557293,4.881645,64.595147,4.741599,63.710417,206223316725.65,21365606564.17,14162165844.38,13604006615.14,1.2952463418835942,0.9448028371847064,0.920717999371151,0.9298412628616487,-0.009123263490497746
2001,120,project_state,UT,20349,3220,20349,3224834088.0,2289649006.43,323019557.0,222987002.32,137,3217570288.0,315755757.0,212584853.79,15.823873,15.32888,16.331768,True,10.016626,6.914681,69.032044,6.607,67.325725,206223316725.65,21365606564.17,14162165844.38,13604006615.14,1.5637582302539392,1.511867009391168,1.574526133716252,1.56266355790663,0.011862575809622022
2001,120,project_state,PR,9007,1125,9007,867648912.0,574987726.46,77385355.0,58205185.22,56,865426912.0,75163355.0,54462942.73,12.490285,11.823468,13.189085,True,8.918971,6.70838,75.214729,6.293188,72.459435,206223316725.65,21365606564.17,14162165844.38,13604006615.14,0.4207326920041152,0.3621959187892882,0.41099070480874,0.40034487096902605,0.010645833839713958
2001,120,project_state,MI,27379,4727,27379,6088152033.0,4341778509.28,654075761.0,430192175.43,162,6073929962.0,639853690.0,411995232.51,17.265057,16.821977,17.717322,True,10.74342,7.066055,65.771001,6.783009,64.388975,206223316725.65,21365606564.17,14162165844.38,13604006615.14,2.952213226741667,3.061348897516822,3.0376157161068273,3.028484505818216,0.009131210288611413
2001,120,project_state,SC,5887,1013,5887,1921592739.31,1444157581.7135,179120046.0,111313716.0,23,1918879039.31,176406346.0,107929645.46,17.207406,16.264696,18.192885,True,9.321436,5.792784,62.144756,5.62462,61.182405,206223316725.65,21365606564.17,14162165844.38,13604006615.14,0.9318018785753497,0.8383569427903971,0.7859935918217823,0.7933666052461655,-0.007373013424383235
2001,120,project_state,IA,7769,1119,7769,1915060948.52,1456999879.757,250646418.0,150052622.83,31,1908274348.52,243859818.0,141689974.38,14.403398,13.64021,15.201771,True,13.088169,7.835397,59.866255,7.425032,58.103043,206223316725.65,21365606564.17,14162165844.38,13604006615.14,0.9286345399379397,1.1731303637329569,1.0595316032790685,1.0415312075952108,0.018000395683857695
2001,120,project_state,MS,7529,1114,7529,1853442620.0,1426618891.485,188173765.0,113090414.55,21,1848464955.0,183196100.0,107361623.6,14.796122,14.012062,15.616087,True,10.152662,6.101641,60.098927,5.80815,58.604754,206223316725.65,21365606564.17,14162165844.38,13604006615.14,0.8987551211125824,0.8807321450707903,0.7985389790847415,0.7891912040127682,0.009347775071973263
2001,120,project_state,OK,8254,1325,8254,2193042012.76,1634727134.987,240549442.0,139863809.49,24,2191002312.76,238509742.0,137208816.38,16.052823,15.276697,16.860532,True,10.968757,6.377617,58.143477,6.262377,57.527552,206223316725.65,21365606564.17,14162165844.38,13604006615.14,1.0634306767927326,1.1258722811240007,0.9875877109962135,1.00859122067244,-0.02100350967622644
2001,120,project_state,WI,21786,2575,21786,5399243985.0,3965697446.0455,515170346.0,305548365.72,94,5387194683.0,503121044.0,290734108.45,11.819517,11.397541,12.254955,True,9.541527,5.659095,59.310162,5.396763,57.786116,206223316725.65,21365606564.17,14162165844.38,13604006615.14,2.618153985071875,2.4112132948471388,2.157497441263558,2.1371211928582854,0.020376248405272523
2001,120,project_state,DC,1710,360,1710,325196145.0,236873448.85,32677570.0,22588458.08,3,324896145.0,32377570.0,22196445.58,21.052632,19.186303,23.048728,True,10.048572,6.946103,69.125269,6.831859,68.555008,206223316725.65,21365606564.17,14162165844.38,13604006615.14,0.15769125924428126,0.15294473340532302,0.159498612911413,0.16316109075761115,-0.0036624778461981367
2001,120,project_state,VT,3704,292,3704,559042577.0,395878565.75,36718300.0,22254871.64,6,558697577.0,36373300.0,21812403.66,7.883369,7.058521,8.795487,True,6.568069,3.98089,60.609755,3.904152,59.968174,206223316725.65,21365606564.17,14162165844.38,13604006615.14,0.2710860177579844,0.1718570445904231,0.1571431367528537,0.1603380847795591,-0.003194948026705391
2001,120,project_state,NV,7119,1852,7119,1680531353.0,1233951953.51,259275818.0,190783130.33,50,1672905653.0,251650118.0,181285116.49,26.01489,25.008906,27.046744,True,15.428205,11.352548,73.583079,10.836542,72.038558,206223316725.65,21365606564.17,14162165844.38,13604006615.14,0.8149085077686445,1.2135195751231518,1.3471324402383613,1.3325862124195562,0.014546227818805102
2001,120,project_state,KS,7783,1064,7783,1672650146.0,1228138197.626,185913765.0,117658534.28,14,1670274446.0,183538065.0,114907232.26,13.670821,12.925499,14.451987,True,11.114922,7.034258,63.286618,6.879542,62.606758,206223316725.65,21365606564.17,14162165844.38,13604006615.14,0.8110868220712485,0.8701543971692165,0.8307947779519237,0.8446572800995178,-0.013862502147594102
2001,120,project_state,NE,5891,697,5891,1255939794.0,942843666.81,127020122.0,78729373.33,25,1253653494.0,124733822.0,76044130.49,11.831608,11.031606,12.681355,True,10.113552,6.268563,61.981812,6.065801,60.965125,206223316725.65,21365606564.17,14162165844.38,13604006615.14,0.6090192971102508,0.5945074464350196,0.5559133694317125,0.5589833395506433,-0.0030699701189307316
2001,120,project_state,HI,4468,563,4468,398753223.0,267793827.75,34279300.0,22249553.63,4,398263223.0,33789300.0,21643465.27,12.600716,11.659663,13.606024,True,8.59662,5.57978,64.906674,5.434462,64.054198,206223316725.65,21365606564.17,14162165844.38,13604006615.14,0.19335991163913,0.1604415016116893,0.1571055859286476,0.15909625658306303,-0.0019906706544154384
2001,120,project_state,VA,13040,2454,13040,3136687407.0,2283675262.4,376974147.0,258126866.47,42,3129022007.0,369308747.0,248152599.42,18.819018,18.157373,19.49903,True,12.018225,8.229282,68.47336,7.930676,67.193805,206223316725.65,21365606564.17,14162165844.38,13604006615.14,1.5210149156765356,1.7643971205207134,1.8226510641550848,1.824114074921348,-0.0014630107662632064
2001,120,project_state,KY,7772,1311,7772,1534876245.0,1110232168.638,203808899.0,131297471.77,44,1531234745.0,200167399.0,126594348.19,16.868245,16.052127,17.717099,True,13.278523,8.554271,64.421854,8.267468,63.244239,206223316725.65,21365606564.17,14162165844.38,13604006615.14,0.7442787117239166,0.9539111299642968,0.927100227555258,0.930566646807656,-0.0034664192523979898
2001,120,project_state,DE,2329,394,2329,461462562.0,332114976.9,38924800.0,30162437.88,21,460292562.0,37754800.0,28232485.68,16.917132,15.4493,18.493918,True,8.435094,6.53627,77.488999,6.133596,74.778533,206223316725.65,21365606564.17,14162165844.38,13604006615.14,0.22376837368681668,0.18218439005273396,0.21297899072386178,0.20753066709464738,0.005448323629214408
2001,120,project_state,AK,1599,151,1599,562897368.0,430244132.75,39149732.0,25049806.64,4,562232668.0,38485032.0,24338126.47,9.443402,8.105689,10.975516,True,6.955039,4.450155,63.984618,4.328835,63.2405,206223316725.65,21365606564.17,14162165844.38,13604006615.14,0.2729552491626603,0.18323716615494492,0.17687835967505328,0.17890410640431414,-0.002025746729260869
2001,120,project_state,SD,2481,259,2481,510812816.0,391667985.05,36394284.0,22968683.01,10,509878631.0,35460099.0,21938448.94,10.439339,9.296696,11.7043,True,7.124779,4.496497,63.110688,4.302681,61.867986,206223316725.65,21365606564.17,14162165844.38,13604006615.14,0.24769886553592863,0.17034051380985837,0.16218340656640953,0.16126461534930847,0.0009187912171010615
2001,120,project_state,WY,1761,139,1761,423702615.0,316860321.1,27369600.0,14114145.79,3,423337615.0,27004600.0,13665542.28,7.893242,6.723595,9.246194,True,6.459625,3.331144,51.568696,3.228048,50.604498,206223316725.65,21365606564.17,14162165844.38,13604006615.14,0.20545815173929846,0.12810120750748386,0.09966092718509538,0.10045233486428562,-0.0007914076791902397
2001,120,project_state,GU,726,50,726,87643488.0,59624877.65,4101983.0,2320498.22,1,87608488.0,4066983.0,2274460.26,6.887052,5.262816,8.965131,True,4.680306,2.647656,56.570157,2.596164,55.925,206223316725.65,21365606564.17,14162165844.38,13604006615.14,0.04249931064613652,0.01919900091616871,0.016385193094747216,0.016719047000967612,-0.0003338539062203959
2001,120,business_age,Existing,568678,94572,568678,139953233591.9,101920882134.64128,13231685591.17,8705958546.99,2375,139731791127.9,13010243127.17,8414589144.000001,16.630149,16.533599,16.727151,True,9.454362,6.22062,65.796292,6.021958,64.676648,206223316725.65,21365606564.17,14162165844.38,13604006615.14,67.86489317213695,61.92983827269132,61.473355436271795,61.85375663251548,-0.38040119624368174
2001,120,business_age,New or early-stage,198958,38497,198958,39127508103.75,28720946543.955097,5467596973.0,3678216850.36,1116,38989071034.75,5329159904.0,3510845523.13,19.34931,19.176321,19.523483,True,13.973793,9.400591,67.273006,9.004691,65.879906,206223316725.65,21365606564.17,14162165844.38,13604006615.14,18.973367670060043,25.590647083098165,25.97213512945574,25.807437635488608,0.1646974939671324
2001,120,business_age,Startup,65491,9152,65491,20019666030.0,14973769340.33,1916199300.0,1256497355.27,294,19956986230.0,1853519500.0,1184281734.12,13.974439,13.711007,14.242098,True,9.571585,6.276315,65.572373,5.934171,63.893675,206223316725.65,21365606564.17,14162165844.38,13604006615.14,9.70776066832115,8.968616426801827,8.872211842997293,8.705389284374531,0.16682255862276207
2001,120,business_age,Unknown,45384,8388,45384,7122909000.0,5177565337.049999,750124700.0,521493091.76,246,7103563500.0,730779200.0,494290213.89,18.482285,18.127848,18.842056,True,10.531157,7.32135,69.520853,6.958342,67.638791,206223316725.65,21365606564.17,14162165844.38,13604006615.14,3.453978489481861,3.510898217408697,3.682297591275173,3.6334164476214,0.04888114365377305
2001,120,business_type,CORPORATION,680248,109111,680248,178537899687.91,130667674363.05737,18335475350.0,12123246890.659998,3153,178151249865.91,17948825528.0,11637597750.55,16.039885,15.95287,16.127284,True,10.269794,6.790293,66.119076,6.532426,64.837656,206223316725.65,21365606564.17,14162165844.38,13604006615.14,86.57503066223525,85.81771500346022,85.60305693264347,85.54536968247598,0.05768725016748988
2001,120,business_type,INDIVIDUAL,176058,38683,176058,21012699338.739998,15161137640.505001,2494156872.17,1691150988.69,787,20973599892.739998,2455057426.17,1637986160.18,21.971737,21.77894,22.165757,True,11.869759,8.048233,67.804516,7.809752,66.718853,206223316725.65,21365606564.17,14162165844.38,13604006615.14,10.189293661053044,11.673700274686734,11.941330212293078,12.040468712776669,-0.09913850048359052
2001,120,business_type,PARTNERSHIP,21872,2703,21872,6582097954.0,4897769423.564001,514912947.0,335155256.87,88,6566277389.0,499092382.0,316173156.99,12.358266,11.928712,12.80104,True,7.82293,5.091921,65.089693,4.815105,63.349626,206223316725.65,21365606564.17,14162165844.38,13604006615.14,3.1917331456541937,2.410008559567441,2.366553679379488,2.3241179303612554,0.04243574901823255
2001,120,processing_method,Preferred Lenders Program,201677,24531,201677,116006290953.01001,88403285188.07979,10825466400.0,6861719579.64,579,115798944953.01001,10618120400.0,6638655130.58,12.163509,12.021574,12.306885,True,9.331793,5.914955,63.384979,5.732915,62.521942,206223316725.65,21365606564.17,14162165844.38,13604006615.14,56.25275201413787,50.66772322838822,48.45106077022075,48.799264204942325,-0.3482034347215759
2001,120,processing_method,SBA Express Program,467953,88813,467953,28365582400.0,14178336472.17,4382887900.0,3522241991.59,2960,28242605900.0,4259911400.0,3315595264.58,18.979043,18.866945,19.09165,True,15.451429,12.417309,80.363497,11.739693,77.832494,206223316725.65,21365606564.17,14162165844.38,13604006615.14,13.754789153030773,20.513753666839857,24.870786222205826,24.372196797449728,0.4985894247560978
2001,120,processing_method,7a General,69983,8507,69983,39726224712.6,30484172296.02634,3858566083.0,2283713712.9,185,39664545999.6,3796887370.0,2214131726.74,12.155809,11.915781,12.399992,True,9.712894,5.74863,59.185554,5.582143,58.31439,206223316725.65,21365606564.17,14162165844.38,13604006615.14,19.26369207098436,18.059707649352646,16.125455230467104,16.27558549020313,-0.15013025973602723
2001,120,processing_method,Low Documentation Program,34202,4878,34202,3019684931.38,2556077494.7555,441724721.17,271881928.28,75,3013573502.38,435613292.17,265361116.52,14.262324,13.895738,14.636936,True,14.628173,9.003652,61.550082,8.80553,60.916671,206223316725.65,21365606564.17,14162165844.38,13604006615.14,1.4642791025406936,2.0674569656766493,1.9197764753467523,1.950610022672862,-0.030833547326109656
2001,120,processing_method,Certified Lenders Program,7419,643,7419,4371627581.0,3292253541.98374,310978734.0,168390927.42,12,4366446241.0,305797394.0,164147998.4,8.666936,8.047926,9.328728,True,7.113569,3.851905,54.148695,3.759304,53.678678,206223316725.65,21365606564.17,14162165844.38,13604006615.14,2.1198512614438316,1.4555109075232602,1.1890195982051919,1.206615102769198,-0.01759550456400616
2001,120,processing_method,7a with EWCP,1505,56,1505,1494611508.0,1326607862.08,37895833.0,25668114.43,1,1490611508.0,33895833.0,21665237.55,3.72093,2.876482,4.801028,True,2.535497,1.717377,67.733343,1.453446,63.917112,206223316725.65,21365606564.17,14162165844.38,13604006615.14,0.7247538890029406,0.1773683929177611,0.18124427232424997,0.15925629972782135,0.021987972596428623
2001,120,processing_method,International Trade Loans,3581,789,3581,2440516518.0,1980966145.327,388462370.0,237848378.87,18,2434999918.0,382945770.0,231987525.64,22.032952,20.705824,23.420018,True,15.917219,9.745821,61.228164,9.527209,60.579733,206223316725.65,21365606564.17,14162165844.38,13604006615.14,1.1834338409204963,1.8181668226141037,1.679463307262327,1.7052882448750015,-0.02582493761267446
2001,120,processing_method,Community Express,43023,16991,43023,1125661500.0,933648605.0,374582200.0,283442781.16,71,1122152100.0,371072800.0,278822163.62,39.492829,39.031874,39.955661,True,33.276629,25.180108,75.669047,24.847092,75.139478,206223316725.65,21365606564.17,14162165844.38,13604006615.14,0.5458458906940811,1.7532018053172065,2.0014084305648714,2.0495591593560145,-0.04815072879114313
2001,120,processing_method,Working Capital CAPLine,1972,85,1972,1472939300.0,1100881121.7,64381400.0,50903183.7,15,1462869300.0,54311400.0,37089067.96,4.310345,3.499291,5.29906,True,4.370947,3.455891,79.065046,2.535364,68.289656,206223316725.65,21365606564.17,14162165844.38,13604006615.14,0.714244792192694,0.3013319551992839,0.35943078381757554,0.2726334160902517,0.08679736772732383
2001,120,processing_method,Export Express,2132,313,2132,237712900.0,190450085.0,21342600.0,16403963.4,15,237053900.0,20683600.0,15228184.12,14.681051,13.242285,16.246863,True,8.97831,6.900746,76.860192,6.423933,73.624437,206223316725.65,21365606564.17,14162165844.38,13604006615.14,0.11526965222668895,0.0998923196301453,0.11582948244113112,0.11193896438606875,0.003890518055062367
2001,120,processing_method,Contract CAPLine,628,52,628,421844288.0,318243129.9,30684708.0,20790330.37,4,419619137.0,28459557.0,18114303.53,8.280255,6.370177,10.697627,True,7.273942,4.928437,67.754695,4.316844,63.649281,206223316725.65,21365606564.17,14162165844.38,13604006615.14,0.20455702812752363,0.14361730338823184,0.1468019129168034,0.1331541805473724,0.013647732369430982
2001,120,processing_method,Gulf Opportunity Pilot Loan Program,2855,351,2855,197996300.0,170676050.0,24927400.0,17633571.9,6,197625800.0,24556900.0,17223932.61,12.294221,11.140122,13.549651,True,12.589831,8.906011,70.739716,8.715427,70.138872,206223316725.65,21365606564.17,14162165844.38,13604006615.14,0.09601062728682866,0.11667068718658852,0.12451183027910638,0.12660926370640954,-0.002097433427303161
2001,120,processing_method,Patriot Express Loans,9671,1861,9671,822069300.0,667702220.7,133858700.0,96931232.57,33,818211600.0,130001000.0,91739657.45,19.243098,18.469702,20.040918,True,16.283141,11.791127,72.413099,11.212217,70.568424,206223316725.65,21365606564.17,14162165844.38,13604006615.14,0.3986306267654705,0.6265148597488465,0.684437914617879,0.6743576362856385,0.010080278332240455
2001,120,processing_method,Rural Loan Initiative,3753,354,3753,585414630.0,486696166.3,54522550.0,32297120.64,14,583777630.0,52885550.0,30417265.23,9.432454,8.538395,10.409476,True,9.313493,5.516965,59.236262,5.21042,57.515267,206223316725.65,21365606564.17,14162165844.38,13604006615.14,0.2838741221385789,0.2551884021464385,0.2280521284307409,0.22359049132002334,0.0044616371107175645
2001,120,processing_method,Small Loan Advantage Initiative,24168,2065,24168,4157212500.0,3236649299.06,350909800.0,230002138.86,34,4151815300.0,345512600.0,223726666.73,8.544356,8.198481,8.903408,True,8.440988,5.532605,65.544519,5.388647,64.752101,206223316725.65,21365606564.17,14162165844.38,13604006615.14,2.0158789830398103,1.6424050445095892,1.6240604819020124,1.6445645246968121,-0.02050404279479978
2001,120,processing_method,Community Advantage Initiative,2128,265,2128,273354500.0,220164595.0,34467300.0,24223594.31,5,272441200.0,33554000.0,23159283.03,12.453008,11.117419,13.923911,True,12.609011,8.861604,70.27993,8.500654,69.020931,206223316725.65,21365606564.17,14162165844.38,13604006615.14,0.13255266394714146,0.16132142046367862,0.17104441916709157,0.170238692799707,0.0008057263673845738
2010,120,loan_size_band,$150k to $350k,53649,3256,53649,13696011000.0,9372670018.25,835209300.0,552950538.5,93,13672205900.0,811404200.0,524479052.17,6.069079,5.870169,6.274279,True,6.098194,4.037311,66.205027,3.836097,64.638444,107872638243.0,5026873900.0,3038015696.39,2897095942.26,12.696464296300599,16.61488465027937,18.201042843756788,18.103613502038815,0.09742934171797302
2010,120,loan_size_band,More than $1m,28434,1115,28434,55400821200.0,42656261435.82001,2062514700.0,1114156146.28,20,55365071200.0,2026764700.0,1072719222.85,3.921362,3.701904,4.153268,True,3.722896,2.011082,54.019307,1.937538,52.927665,107872638243.0,5026873900.0,3038015696.39,2897095942.26,51.35762145281084,41.02976802342307,36.673811382999915,37.02739723604669,-0.3535858530467735
2010,120,loan_size_band,$50k to $150k,69628,4838,69628,7281567143.0,4826487471.29,523125000.0,373182891.38,162,7264845143.0,506403000.0,348309655.94,6.948354,6.761851,7.139607,True,7.184236,5.125035,71.337231,4.794454,68.78112,107872638243.0,5026873900.0,3038015696.39,2897095942.26,6.750152088240514,10.406566991863473,12.283771009591693,12.022717330800116,0.26105367879157626
2010,120,loan_size_band,Up to $50k,109567,8760,109567,3037020900.0,1668682666.48,226645800.0,182348787.46,326,3027364700.0,216989600.0,165782950.23,7.995108,7.835984,8.157177,True,7.462767,6.004199,80.455401,5.476147,76.401335,107872638243.0,5026873900.0,3038015696.39,2897095942.26,2.8153764934891417,4.50868282174335,6.002233223372763,5.7223838469317,0.27984937644106367
2010,120,loan_size_band,$350k to $1m,46856,2330,46856,28457218000.0,21879827819.73,1379379100.0,815377332.77,46,28430117400.0,1352278500.0,785805061.07,4.972682,4.77952,5.173227,True,4.847203,2.865274,59.11191,2.763988,58.109706,107872638243.0,5026873900.0,3038015696.39,2897095942.26,26.380385669158905,27.44009751269074,26.839141540278842,27.123888084182674,-0.28474654390383236
2010,120,term_band,85 to 120,64122,3100,64122,25314504743.0,19378780878.620003,1030159000.0,725213637.47,87,25286186743.0,1001841000.0,692209804.26,4.834534,4.671202,5.003277,True,4.069442,2.864815,70.398224,2.737502,69.093779,107872638243.0,5026873900.0,3038015696.39,2897095942.26,23.467030338105864,20.493034448307924,23.87129330278819,23.89323025733186,-0.021936954543672726
2010,120,term_band,241 to 360,39482,537,39482,43876938300.0,33598296775.09,608591700.0,291286406.97,14,43867555300.0,599208700.0,280970071.68,1.360113,1.250501,1.47919,True,1.387042,0.663871,47.862369,0.640496,46.890186,107872638243.0,5026873900.0,3038015696.39,2897095942.26,40.67476147302556,12.106762813365977,9.588048123521173,9.698335066556947,-0.11028694303577424
2010,120,term_band,13 to 60,58667,9438,58667,6893740600.0,4574049711.860001,1397658500.0,858422179.23,315,6859057700.0,1362975600.0,809984636.77,16.087409,15.792322,16.386936,True,20.274312,12.452197,61.418593,11.808978,59.42767,107872638243.0,5026873900.0,3038015696.39,2897095942.26,6.390629461078694,27.803731062360644,28.256015275037658,27.95850233866048,0.2975129363771778
2010,120,term_band,61 to 84,110484,3953,110484,12323064600.0,7944873495.559999,960153100.0,631150106.79,67,12307269900.0,944358400.0,613045342.53,3.577894,3.469976,3.689039,True,7.791512,5.121698,65.73432,4.981164,64.916598,107872638243.0,5026873900.0,3038015696.39,2897095942.26,11.42371670955184,19.100401543790465,20.775077217013077,21.160684863331397,-0.38560764631832
2010,120,term_band,181 to 240,11449,479,11449,8066608500.0,6154734967.890001,452049500.0,209148165.65,15,8058140200.0,443581200.0,200009007.34,4.183772,3.832131,4.566147,True,5.60396,2.592765,46.266651,2.482074,45.089604,107872638243.0,5026873900.0,3038015696.39,2897095942.26,7.477900449443632,8.992656449965853,6.884367513259582,6.903775757732575,-0.019408244472993275
2010,120,term_band,121 to 180,16493,398,16493,8742650400.0,6662239711.55,272718900.0,143770187.12,10,8739225900.0,269294400.0,139855235.34,2.413145,2.189792,2.65866,True,3.119408,1.644469,52.717354,1.600316,51.933956,107872638243.0,5026873900.0,3038015696.39,2897095942.26,8.104604228095184,5.425218643340148,4.732371438726884,4.827428505212019,-0.09505706648513534
2010,120,term_band,1 to 12,7260,2294,7260,2620442300.0,2065389171.0,290027600.0,167754336.84,135,2607910800.0,277496100.0,150224645.13,31.597796,30.538359,32.676697,True,11.067887,6.401757,57.840818,5.760344,54.135768,107872638243.0,5026873900.0,3038015696.39,2897095942.26,2.4292001592628556,5.769541981150551,5.521839042482183,5.185352785134586,0.3364862573475973
2010,120,guarantee_percent_band,>85% to 90%,27209,2259,27209,15138415500.0,13620143432.54,832267400.0,477123832.63,26,15126162300.0,820014200.0,464016077.6,8.3024,7.980408,8.636164,True,5.497718,3.151742,57.32819,3.067639,56.586347,107872638243.0,5026873900.0,3038015696.39,2897095942.26,14.033600870962616,16.556361200944387,15.705114137394176,16.01659340415302,-0.31147926675884463
2010,120,guarantee_percent_band,>0% to 50%,152507,9503,152507,12028051400.0,5996729777.2,611718800.0,461456770.55,433,12002314200.0,585981600.0,421841712.77,6.231189,6.110972,6.353611,True,5.085768,3.836505,75.436094,3.51467,71.988901,107872638243.0,5026873900.0,3038015696.39,2897095942.26,11.150233827511414,12.168970460945918,15.189413639249391,14.56084717860344,0.6285664606459509
2010,120,guarantee_percent_band,>50% to 75%,93563,4826,93563,77221527200.0,57843022373.82,3235769300.0,1863662608.29,139,77151829800.0,3166071900.0,1781686589.45,5.158022,5.018132,5.301594,True,4.190243,2.413398,57.595658,2.309325,56.274357,107872638243.0,5026873900.0,3038015696.39,2897095942.26,71.58583349565107,64.36941455802183,61.344732698535594,61.49905370617865,-0.15432100764305545
2010,120,guarantee_percent_band,>75% to 85%,34854,3711,34854,3484085843.0,2943475528.01,347118400.0,235772484.92,49,3478739743.0,341772300.0,229551562.44,10.647271,10.327784,10.975433,True,9.962969,6.767126,67.922785,6.598699,67.165058,107872638243.0,5026873900.0,3038015696.39,2897095942.26,3.2298142510907644,6.905253780087859,7.760739524820846,7.923505711064879,-0.16276618624403305
2010,120,naics2,72,38671,2973,38671,18923661900.0,14251527430.56,892904100.0,527942785.73,83,18900412300.0,869654500.0,501141850.27,7.687932,7.426599,7.95767,True,4.718453,2.789855,59.126482,2.651486,57.625396,107872638243.0,5026873900.0,3038015696.39,2897095942.26,17.54259672167421,17.76261186897885,17.3778820944652,17.298075737148817,0.0798063573163823
2010,120,naics2,54,31653,1851,31653,8063966100.0,5869922447.8,328074300.0,219233847.56,47,8056846100.0,320954300.0,209270993.04,5.847787,5.59461,6.111679,True,4.068399,2.718685,66.82445,2.597431,65.202739,107872638243.0,5026873900.0,3038015696.39,2897095942.26,7.475450894076267,6.526407992848199,7.216350061012201,7.223474721266892,-0.007124660254691051
2010,120,naics2,31,6354,413,6354,2431256200.0,1821755544.23,115583000.0,72693497.53,13,2427581500.0,111908300.0,67090639.61,6.499843,5.919586,7.132665,True,4.754044,2.989956,62.892897,2.763682,59.951442,107872638243.0,5026873900.0,3038015696.39,2897095942.26,2.253821024125891,2.299301758892341,2.3927953241446356,2.315789361040738,0.07700596310389773
2010,120,naics2,23,30997,2152,30997,6091088000.0,4284724587.84,438996300.0,285065020.03,110,6078878300.0,426786600.0,267929834.28,6.942607,6.66495,7.230936,True,7.20719,4.680035,64.935632,4.407554,62.778408,107872638243.0,5026873900.0,3038015696.39,2897095942.26,5.646555140589841,8.732988110165246,9.383263568016972,9.24822096402476,0.13504260399221124
2010,120,naics2,11,5517,252,5517,3136712600.0,2406604946.36,109301300.0,57328344.61,7,3136488200.0,109076900.0,56903719.21,4.5677,4.047672,5.150953,True,3.484581,1.827657,52.449829,1.814249,52.168442,107872638243.0,5026873900.0,3038015696.39,2897095942.26,2.907792607180019,2.174339404057858,1.8870325350234982,1.9641641265635783,-0.07713159154008009
2010,120,naics2,33,13371,779,13371,6624218300.0,5018269210.15,332553300.0,190117958.91,25,6617640500.0,325975500.0,181613513.07,5.826041,5.441558,6.2359,True,5.020265,2.870044,57.169169,2.744385,55.713854,107872638243.0,5026873900.0,3038015696.39,2897095942.26,6.1407771311552715,6.615509094031581,6.25796499787386,6.268812517417867,-0.010847519544006978
2010,120,naics2,81,26962,1770,26962,7881982943.0,5900231669.44,338229300.0,211903765.71,47,7876138243.0,332384600.0,205173802.99,6.564795,6.275316,6.866649,True,4.29117,2.688458,62.650919,2.605005,61.727831,107872638243.0,5026873900.0,3038015696.39,2897095942.26,7.306749024942358,6.728422210869463,6.9750714573924055,7.082050683828774,-0.10697922643636826
2010,120,naics2,32,6208,374,6208,3148961600.0,2387758302.49,153892000.0,86381934.01,18,3145594200.0,150524600.0,82207741.1,6.024485,5.45935,6.644009,True,4.887071,2.743188,56.13153,2.613425,54.614157,107872638243.0,5026873900.0,3038015696.39,2897095942.26,2.9191476645880035,3.061385725231739,2.843366942199988,2.837591254774615,0.005775687425372933
2010,120,naics2,62,30051,1302,30051,12015518700.0,8991892599.880001,361297600.0,223871370.07,48,12004780300.0,350559200.0,211587859.85,4.332635,4.108227,4.568716,True,3.006925,1.863185,61.963149,1.76253,60.357241,107872638243.0,5026873900.0,3038015696.39,2897095942.26,11.138615774774289,7.187321726928539,7.36899978285237,7.303446764173853,0.06555301867851693
2010,120,naics2,42,17381,1320,17381,7762066300.0,5889840704.119999,403485700.0,248149780.17,46,7751455300.0,392874700.0,235420493.19,7.5945,7.209972,7.997768,True,5.198174,3.196955,61.501506,3.037113,59.922538,107872638243.0,5026873900.0,3038015696.39,2897095942.26,7.19558400204761,8.02657293631336,8.168153326688547,8.126085496718153,0.042067829970394044
2010,120,naics2,45,11935,1064,11935,2432420500.0,1764548139.31,167705700.0,106586934.6,31,2429649900.0,164935100.0,102925231.94,8.914956,8.416853,9.439499,True,6.894601,4.381929,63.55594,4.236217,62.403474,107872638243.0,5026873900.0,3038015696.39,2897095942.26,2.2549003525069926,3.336182751669979,3.508439233103853,3.552703603585489,-0.04426437048163567
2010,120,naics2,44,31885,2341,31885,12888228500.0,9692952929.44,631287000.0,367528714.96,78,12876252700.0,619311200.0,352950172.11,7.34201,7.060832,7.633466,True,4.898167,2.851662,58.218958,2.741094,56.990762,107872638243.0,5026873900.0,3038015696.39,2897095942.26,11.947634460341323,12.55824221092954,12.097656881652238,12.182895532091578,-0.08523865043934009
2010,120,naics2,56,13803,902,13803,2871197700.0,2068457283.65,163807600.0,104291339.21,33,2867395900.0,160005800.0,99574343.33,6.534811,6.134495,6.959315,True,5.705201,3.632329,63.666972,3.47264,62.231709,107872638243.0,5026873900.0,3038015696.39,2897095942.26,2.6616552137458416,3.2586375401221024,3.4328769049457795,3.437039894934335,-0.0041629899885555766
2010,120,naics2,71,7871,640,7871,3187566100.0,2384322005.81,189820600.0,109285777.12,19,3181084100.0,183338600.0,101578711.51,8.131114,7.547541,8.755536,True,5.955033,3.428502,57.573191,3.193211,55.404978,107872638243.0,5026873900.0,3038015696.39,2897095942.26,2.954934774858763,3.776116206137576,3.597274933433084,3.506225321304316,0.09104961212876761
2010,120,naics2,53,6610,276,6610,3213966200.0,2415850602.31,89604800.0,42289847.08,5,3213462300.0,89100900.0,41713244.11,4.175492,3.7193,4.684915,True,2.787982,1.315815,47.195962,1.298078,46.815738,107872638243.0,5026873900.0,3038015696.39,2897095942.26,2.9794081727750443,1.7825153720287275,1.3920220073336684,1.4398295721425038,-0.04780756480883541
2010,120,naics2,52,4835,176,4835,1541937700.0,1146105968.3,25953100.0,19196877.0,0,1541937700.0,25953100.0,19196877.0,3.640124,3.147951,4.205906,True,1.683148,1.244984,73.967568,1.244984,73.967568,107872638243.0,5026873900.0,3038015696.39,2897095942.26,1.4294057558196955,0.5162870705787945,0.6318886707139526,0.6626248278482858,-0.030736157134333197
2010,120,naics2,21,937,64,937,473816400.0,356453148.1,39773000.0,22172484.66,1,472416400.0,38373000.0,20609456.84,6.830309,5.385029,8.628114,True,8.39418,4.679552,55.747579,4.362562,53.708224,107872638243.0,5026873900.0,3038015696.39,2897095942.26,0.4392368701807908,0.7912074341073088,0.7298344339151053,0.7113833042036826,0.01845112971142271
2010,120,naics2,48,13705,1062,13705,2428685300.0,1723523460.88,142849500.0,81345131.11,23,2427600300.0,141764500.0,79507881.76,7.748997,7.313115,8.208558,True,5.881762,3.349348,56.944638,3.275164,56.084479,107872638243.0,5026873900.0,3038015696.39,2897095942.26,2.2514377506268146,2.8417163995301333,2.677574418284291,2.744399334527271,-0.0668249162429797
2010,120,naics2,61,4022,256,4022,1132508700.0,840300577.65,40919600.0,26593918.09,9,1131382100.0,39793000.0,24988154.04,6.364993,5.651365,7.161893,True,3.613182,2.348231,64.99066,2.20864,62.795351,107872638243.0,5026873900.0,3038015696.39,2897095942.26,1.049857237614646,0.8140168385763565,0.8753713195623349,0.8625242152148731,0.012847104347461835
2010,120,naics2,49,968,64,968,321912800.0,239199617.72,8001000.0,5025554.2,0,321912800.0,8001000.0,5025554.2,6.61157,5.211443,8.354705,True,2.485456,1.561154,62.811576,1.561154,62.811576,107872638243.0,5026873900.0,3038015696.39,2897095942.26,0.2984193260155935,0.15916452569060863,0.16542225920595946,0.17346868381858307,-0.008046424612623615
2010,120,naics2,51,3929,244,3929,1135676300.0,829957167.03,46986900.0,27392607.56,4,1135405800.0,46716400.0,27067662.34,6.210232,5.497523,7.008485,True,4.13735,2.412008,58.298393,2.383964,57.940386,107872638243.0,5026873900.0,3038015696.39,2897095942.26,1.0527936634327153,0.9347141172568503,0.9016611597020374,0.9343032774704984,-0.03264211776846093
2010,120,project_state,TX,23748,1979,23748,10273855100.0,7713435245.410001,532861200.0,327193972.62,63,10261783600.0,520789700.0,310940731.91,8.333333,7.988516,8.691628,True,5.186575,3.184724,61.403227,3.030085,59.705622,107872638243.0,5026873900.0,3038015696.39,2897095942.26,9.524060287518447,10.600249988367523,10.769989536551659,10.73284206347125,0.037147473080409554
2010,120,project_state,FL,12962,1169,12962,5755005400.0,4329481194.27,295983100.0,190180726.31,23,5749121200.0,290098900.0,183717445.16,9.01867,8.537608,9.524016,True,5.143055,3.304614,64.253914,3.195574,63.329246,107872638243.0,5026873900.0,3038015696.39,2897095942.26,5.335000138808091,5.8880152135902994,6.2600310635651795,6.341434623552148,-0.08140355998696869
2010,120,project_state,MI,11728,590,11728,3466042200.0,2511611577.88,149805700.0,79758712.82,34,3461082700.0,144846200.0,73765687.46,5.030696,4.649624,5.441216,True,4.322097,2.301147,53.241441,2.131289,50.926906,107872638243.0,5026873900.0,3038015696.39,2897095942.26,3.213087448730231,2.980096636201676,2.6253555211967905,2.5461941520119624,0.07916136918482808
2010,120,project_state,NY,19186,1280,19186,4725981800.0,3369470576.6,231852700.0,157030880.72,47,4721416200.0,227287100.0,149963506.78,6.671531,6.327052,7.033358,True,4.905916,3.322714,67.728726,3.17624,65.97977,107872638243.0,5026873900.0,3038015696.39,2897095942.26,4.381075569278269,4.6122640951864735,5.1688633770587815,5.176338988035541,-0.007475610976759306
2010,120,project_state,WI,9258,502,9258,3101645900.0,2317938615.34,167107700.0,97039821.49,21,3097345900.0,162807700.0,91861625.47,5.422337,4.979259,5.902395,True,5.38771,3.128656,58.070227,2.965817,56.423391,107872638243.0,5026873900.0,3038015696.39,2897095942.26,2.875285105211812,3.324286690382267,3.194184335693527,3.170817511771444,0.023366823922083224
2010,120,project_state,MN,9187,489,9187,2687778200.0,2010577563.9,131434300.0,77751709.73,20,2685097700.0,128753800.0,73705337.85,5.322739,4.882087,5.800737,True,4.890072,2.892787,59.156331,2.744978,57.245175,107872638243.0,5026873900.0,3038015696.39,2897095942.26,2.49162182716377,2.614632923256738,2.5592925613383257,2.544111044955697,0.015181516382628768
2010,120,project_state,UT,6925,374,6925,1778563400.0,1304164438.25,75960700.0,46081832.95,11,1777529400.0,74926700.0,44203525.46,5.400722,4.892659,5.958238,True,4.270902,2.590958,60.665361,2.486796,58.995692,107872638243.0,5026873900.0,3038015696.39,2897095942.26,1.6487623080039144,1.5110922118018517,1.5168398571724933,1.525787420954972,-0.00894756378247874
2010,120,project_state,ME,2109,94,2109,342716500.0,245623730.08,17074400.0,9618763.31,7,342466500.0,16824400.0,9278219.64,4.457089,3.656092,5.423692,True,4.982077,2.806624,56.334415,2.709234,55.147403,107872638243.0,5026873900.0,3038015696.39,2897095942.26,0.31770475403408366,0.33966238938279314,0.31661335132105284,0.32025931570502764,-0.003645964383974798
2010,120,project_state,MA,11093,547,11093,1616593400.0,1086286852.0,76419500.0,49823519.87,19,1615179400.0,75005500.0,47900189.82,4.931038,4.543493,5.349785,True,4.727194,3.082007,65.197391,2.965627,63.862237,107872638243.0,5026873900.0,3038015696.39,2897095942.26,1.498613018398948,1.520219156482123,1.640002055591881,1.6533863832839952,-0.013384327692114173
2010,120,project_state,PA,9416,559,9416,3035976500.0,2240803837.38,147590700.0,92581602.61,17,3032627500.0,144241700.0,88660430.93,5.936703,5.477125,6.43222,True,4.861391,3.049484,62.728615,2.923552,61.466574,107872638243.0,5026873900.0,3038015696.39,2897095942.26,2.814408314702555,2.936033466047358,3.0474366119968526,3.0603208418716275,-0.012884229874774888
2010,120,project_state,CA,38431,2413,38431,17871133500.0,13513768538.88,449562900.0,274380451.74,57,17860270200.0,438699600.0,261528762.43,6.278785,6.040599,6.525712,True,2.515581,1.535328,61.032717,1.464305,59.614543,107872638243.0,5026873900.0,3038015696.39,2897095942.26,16.566882752735197,8.943190319534374,9.031567943050446,9.02727309148014,0.0042948515703056245
2010,120,project_state,AL,2261,191,2261,982763600.0,749419412.5,50751800.0,31177725.45,7,980714000.0,48702200.0,28969239.34,8.44759,7.370572,9.665564,True,5.164192,3.172454,61.431763,2.953893,59.482404,107872638243.0,5026873900.0,3038015696.39,2897095942.26,0.9110406642564643,1.009609570671745,1.0262529415844603,0.9999406273511722,0.02631231423328817
2010,120,project_state,AZ,6324,400,6324,2701182100.0,2014288566.54,114321800.0,62719085.54,10,2698945100.0,112084800.0,59912906.73,6.325111,5.751295,6.951954,True,4.232288,2.321913,54.861877,2.219864,53.453195,107872638243.0,5026873900.0,3038015696.39,2897095942.26,2.504047498972969,2.2742126075611324,2.0644753618135536,2.068033227897259,-0.003557866083705452
2010,120,project_state,CO,7473,411,7473,2828471800.0,2128985183.43,102715300.0,61595429.07,13,2825171800.0,99415300.0,57494134.39,5.499799,5.005409,6.039916,True,3.631477,2.177693,59.967141,2.035067,57.83228,107872638243.0,5026873900.0,3038015696.39,2897095942.26,2.6220474868042296,2.043323585260414,2.027488835663106,1.984543678769206,0.04294515689389988
2010,120,project_state,ID,3002,118,3002,738848000.0,552267461.64,20794500.0,13379829.27,1,738498000.0,20444500.0,12941248.47,3.930713,3.292406,4.686773,True,2.814449,1.810904,64.343116,1.752374,63.299413,107872638243.0,5026873900.0,3038015696.39,2897095942.26,0.6849262352661007,0.4136666328550633,0.4404134345289567,0.4466972695389798,-0.006283835010023109
2010,120,project_state,OH,17217,1068,17217,3641385600.0,2569414764.76,192253100.0,121512100.53,75,3636969600.0,187837100.0,115910137.84,6.203171,5.852544,6.573338,True,5.279669,3.336974,63.204235,3.186998,61.707798,107872638243.0,5026873900.0,3038015696.39,2897095942.26,3.375634136060721,3.82450612099102,3.9997193126549635,4.000907810791364,-0.0011884981364000957
2010,120,project_state,GA,8358,596,8358,5495497600.0,4221146071.93,225608000.0,122718807.98,10,5492598000.0,222708400.0,119619393.17,7.130893,6.59866,7.702513,True,4.105324,2.233079,54.394706,2.177829,53.711218,107872638243.0,5026873900.0,3038015696.39,2897095942.26,5.094431442031233,4.488037784277819,4.039439563324962,4.1289413797144014,-0.08950181638943988
2010,120,project_state,VT,1430,72,1430,230926700.0,163829225.0,8650000.0,5035661.37,1,230726700.0,8450000.0,4822527.97,5.034965,4.017219,6.293646,True,3.745777,2.180632,58.215738,2.090147,57.071337,107872638243.0,5026873900.0,3038015696.39,2897095942.26,0.21407347012298103,0.17207513401121918,0.16575494906045923,0.16646076160798412,-0.0007058125475248866
2010,120,project_state,IN,6961,474,6961,2229779643.0,1641216209.43,130322300.0,79753614.91,21,2226159143.0,126701800.0,75253684.54,6.809366,6.241104,7.425273,True,5.844627,3.576749,61.197213,3.380427,59.394329,107872638243.0,5026873900.0,3038015696.39,2897095942.26,2.067048400148583,2.592511819323735,2.625187717257988,2.5975558296938983,0.02763188756408974
2010,120,project_state,MS,3137,271,3137,961291700.0,752618649.17,60763900.0,37950005.51,7,957974900.0,57447100.0,34261716.81,8.638827,7.705611,9.673218,True,6.321068,3.947814,62.454855,3.576473,59.640464,107872638243.0,5026873900.0,3038015696.39,2897095942.26,0.8911358020506924,1.208781067692985,1.249170817487713,1.1826227882281566,0.06654802925955638
2010,120,project_state,WA,8192,402,8192,3322112200.0,2515929125.83,115416700.0,64369730.48,8,3320992500.0,114297000.0,62660819.06,4.907227,4.460211,5.396513,True,3.474196,1.937615,55.771592,1.88681,54.822803,107872638243.0,5026873900.0,3038015696.39,2897095942.26,3.0796615843550823,2.295993539841928,2.118808357589758,2.1628838087812454,-0.04407545119148759
2010,120,project_state,TN,2843,218,2843,1373748200.0,1044589411.1,74182800.0,42945248.28,2,1373448200.0,73882800.0,42595092.05,7.667956,6.745988,8.704169,True,5.400029,3.126137,57.891113,3.101325,57.652244,107872638243.0,5026873900.0,3038015696.39,2897095942.26,1.2734908706927304,1.4757243065118462,1.413595338925694,1.4702686034198758,-0.05667326449418186
2010,120,project_state,NC,5809,385,5809,2567982900.0,1928288749.93,100130200.0,56684392.73,7,2566214900.0,98362200.0,54554659.73,6.627647,6.016165,7.296455,True,3.899177,2.207351,56.610686,2.12588,55.463033,107872638243.0,5026873900.0,3038015696.39,2897095942.26,2.3805692915521512,1.9918979865399051,1.8658360717937266,1.883080878828002,-0.017244807034275444
2010,120,project_state,IL,10076,835,10076,3642157900.0,2703100096.09,300896600.0,184858994.13,25,3633994700.0,292733400.0,175127750.74,8.287019,7.764491,8.841341,True,8.261492,5.075535,61.436053,4.819153,59.824998,107872638243.0,5026873900.0,3038015696.39,2897095942.26,3.3763500729401548,5.985759857632394,6.084859744130468,6.044941356114852,0.0399183880156162
2010,120,project_state,MO,6081,499,6081,2040774900.0,1550393045.55,143014300.0,84585062.88,22,2035999300.0,138238700.0,78911114.56,8.205887,7.542174,8.922371,True,7.007843,4.144752,59.144479,3.875793,57.08323,107872638243.0,5026873900.0,3038015696.39,2897095942.26,1.8918373864212306,2.844994778961931,2.7842207326482997,2.7238005275877093,0.060420205060590426
2010,120,project_state,SC,2090,150,2090,1156850300.0,882280397.6,36998200.0,22686704.8,5,1156540300.0,36688200.0,22160413.32,7.177033,6.147265,8.363932,True,3.198184,1.961075,61.318401,1.916095,60.402018,107872638243.0,5026873900.0,3038015696.39,2897095942.26,1.0724223666376025,0.7360081182859988,0.7467606183522376,0.7649181719095174,-0.01815755355727977
2010,120,project_state,PR,2809,230,2809,243156600.0,156134904.44,11741800.0,8937543.48,10,242816600.0,11401800.0,8426777.37,8.187967,7.230219,9.259919,True,4.828905,3.675633,76.11732,3.470429,73.90743,107872638243.0,5026873900.0,3038015696.39,2897095942.26,0.2254108214654505,0.2335805558997611,0.29419016796457853,0.29086980679784946,0.003320361166729069
2010,120,project_state,AR,1713,135,1713,831098400.0,628170056.0,47683600.0,28629121.03,4,830858400.0,47443600.0,28315800.47,7.880911,6.697155,9.25315,True,5.737419,3.444733,60.039764,3.408018,59.683077,107872638243.0,5026873900.0,3038015696.39,2897095942.26,0.7704441214535059,0.948573625449407,0.9423625119521037,0.9773856660028691,-0.03502315405076539
2010,120,project_state,KY,2996,228,2996,829021500.0,608743225.33,67205400.0,38765446.67,14,826704700.0,64888600.0,36058574.31,7.610147,6.714006,8.614853,True,8.106593,4.676048,57.682041,4.361724,55.569968,107872638243.0,5026873900.0,3038015696.39,2897095942.26,0.768518795408062,1.3369223365638832,1.276012059979283,1.2446455011728403,0.03136655880644268
2010,120,project_state,VA,4446,345,4446,1637917600.0,1213399570.0,102993100.0,66884276.33,10,1634364100.0,99439600.0,62029475.22,7.759784,7.009335,8.583164,True,6.288051,4.083495,64.940541,3.795328,62.379047,107872638243.0,5026873900.0,3038015696.39,2897095942.26,1.5183809598781985,2.0488498826278496,2.201577707760923,2.1410915087475955,0.060486199013327635
2010,120,project_state,NJ,7065,504,7065,2978642400.0,2231955803.0,135950100.0,84244480.65,14,2976429500.0,133737200.0,81541521.44,7.133758,6.556586,7.75752,True,4.564163,2.828284,61.967208,2.739575,60.971459,107872638243.0,5026873900.0,3038015696.39,2897095942.26,2.7612585068051656,2.7044660897501327,2.7730100522556773,2.8145951347538096,-0.04158508249813231
2010,120,project_state,IA,2768,221,2768,955156500.0,735042857.0,86545000.0,44294292.04,6,952898900.0,84287400.0,41182859.68,7.984104,7.031614,9.053052,True,9.060819,4.637386,51.180648,4.32185,48.860043,107872638243.0,5026873900.0,3038015696.39,2897095942.26,0.8854483542419352,1.7216465286706317,1.4580007632163925,1.4215221207991338,0.03647864241725873
2010,120,project_state,OK,2774,220,2774,1168363900.0,877764006.5,92276500.0,49724025.07,1,1168163900.0,92076500.0,49482106.89,7.930786,6.982411,8.995515,True,7.897925,4.255868,53.885903,4.235887,53.740213,107872638243.0,5026873900.0,3038015696.39,2897095942.26,1.083095694172305,1.8356637113972563,1.6367270626378214,1.7079899277135926,-0.07126286507577118
2010,120,project_state,CT,3320,206,3320,964284800.0,691144146.0,57163700.0,35661785.61,4,962217800.0,55096700.0,33454982.48,6.204819,5.433744,7.077125,True,5.928093,3.698263,62.38537,3.476862,60.720483,107872638243.0,5026873900.0,3038015696.39,2897095942.26,0.8939104630293714,1.1371620044019803,1.1738512625980186,1.1547764777821632,0.01907478481585545
2010,120,project_state,SD,869,48,869,250668800.0,191848555.0,10949000.0,6441211.85,2,250492700.0,10772900.0,6229014.86,5.52359,4.191257,7.247414,True,4.367915,2.569611,58.829225,2.486705,57.821152,107872638243.0,5026873900.0,3038015696.39,2897095942.26,0.23237477462572975,0.21780932280795826,0.21202036110787495,0.2150089256326388,-0.0029885645247638426
2010,120,project_state,NM,1489,79,1489,511754100.0,383696560.96,17300000.0,9326707.09,3,511619100.0,17165000.0,9151852.85,5.305574,4.277758,6.56341,True,3.38053,1.822498,53.911602,1.788802,53.316941,107872638243.0,5026873900.0,3038015696.39,2897095942.26,0.47440584409106024,0.34415026802243837,0.3069999638607101,0.3158974722411408,-0.008897508380430685
2010,120,project_state,MD,4167,301,4167,1353907600.0,1000950322.71,79399700.0,49872554.1,10,1348900600.0,74392700.0,44022226.45,7.223422,6.476187,8.049454,True,5.864484,3.683601,62.812018,3.263563,59.175465,107872638243.0,5026873900.0,3038015696.39,2897095942.26,1.2550982548049963,1.579504510745734,1.6416160772066564,1.5195294642419965,0.12208661296465984
2010,120,project_state,NH,3025,160,3025,436344300.0,300575035.0,24291500.0,15292726.19,3,436219300.0,24166500.0,15081186.71,5.289256,4.546859,6.145066,True,5.567049,3.504738,62.955051,3.457249,62.405341,107872638243.0,5026873900.0,3038015696.39,2897095942.26,0.40449951638066567,0.4832327303853793,0.5033787747763112,0.520562211627527,-0.017183436851215816
2010,120,project_state,OR,4363,205,4363,1413022700.0,1063068779.4,38569300.0,21426405.2,7,1412277700.0,37824300.0,20604155.58,4.698602,4.109567,5.367339,True,2.72956,1.516353,55.553005,1.458931,54.47333,107872638243.0,5026873900.0,3038015696.39,2897095942.26,1.3098990837852182,0.7672621348229961,0.7052763165595384,0.7112003188933698,-0.005924002333831391
2010,120,project_state,ND,1173,37,1173,265786600.0,188096014.8,7795100.0,4365259.15,0,265786600.0,7795100.0,4365259.15,3.154305,2.297003,4.317436,True,2.932842,1.642392,56.00004,1.642392,56.00004,107872638243.0,5026873900.0,3038015696.39,2897095942.26,0.24638926453367543,0.15506854070876933,0.1436878405594524,0.15067706548215654,-0.006989224922704124
2010,120,project_state,LA,2653,216,2653,859392900.0,646883607.1,60862600.0,36989327.43,8,858513400.0,59983100.0,35937503.88,8.141726,7.16061,9.243887,True,7.082046,4.304123,60.775135,4.186015,59.912715,107872638243.0,5026873900.0,3038015696.39,2897095942.26,0.7966736644227455,1.21074451459783,1.2175489242518898,1.2404664738843774,-0.0229175496324876
2010,120,project_state,HI,2105,128,2105,189073300.0,126198785.0,6895300.0,4489530.23,1,189063300.0,6885300.0,4441868.07,6.08076,5.137672,7.183854,True,3.646893,2.374492,65.110006,2.349408,64.512339,107872638243.0,5026873900.0,3038015696.39,2897095942.26,0.17527456737832145,0.13716874815578725,0.147778375053651,0.1533214004136479,-0.0055430253599969
2010,120,project_state,KS,2729,193,2729,879735600.0,655727271.93,61383600.0,37869398.8,1,878985600.0,60633600.0,37078498.94,7.072188,6.169489,8.095571,True,6.977506,4.304634,61.693024,4.218328,61.151736,107872638243.0,5026873900.0,3038015696.39,2897095942.26,0.815531736619121,1.221108808796656,1.246517549102833,1.279850570329244,-0.03333302122641091
2010,120,project_state,NE,2425,166,2425,690948400.0,518050431.93,50272400.0,28523056.61,4,690558400.0,49882400.0,28053734.2,6.845361,5.907031,7.920197,True,7.275854,4.128102,56.73701,4.062471,56.239744,107872638243.0,5026873900.0,3038015696.39,2897095942.26,0.6405223894158689,1.000072828562499,0.9388712719257262,0.9683398395883126,-0.02946856766258643
2010,120,project_state,WV,806,47,806,216426200.0,157313405.0,7404800.0,4242737.49,1,216406200.0,7384800.0,4222637.42,5.831266,4.413313,7.668244,True,3.421397,1.960362,57.297125,1.951255,57.180119,107872638243.0,5026873900.0,3038015696.39,2897095942.26,0.20063122912824854,0.14730427194523418,0.13965489036286224,0.14575414498375072,-0.006099254620888478
2010,120,project_state,RI,2001,105,2001,381520200.0,273239023.0,24500000.0,14627140.36,1,381510200.0,24490000.0,14608418.02,5.247376,4.353311,6.312942,True,6.421678,3.83391,59.702614,3.829103,59.650543,107872638243.0,5026873900.0,3038015696.39,2897095942.26,0.3536765265169153,0.48738043737281733,0.48147020363920684,0.5042435014631962,-0.022773297823989347
2010,120,project_state,NV,2134,157,2134,740402000.0,556205008.0,25687200.0,17559281.81,2,740042000.0,25327200.0,17005965.71,7.357076,6.324378,8.543022,True,3.469359,2.371588,68.3581,2.297973,67.145068,107872638243.0,5026873900.0,3038015696.39,2897095942.26,0.6863668230048556,0.5109975008523687,0.5779852234096508,0.5870004324652703,-0.009015209055619589
2010,120,project_state,WY,658,43,658,203247900.0,153487225.0,8228000.0,4280730.18,1,203027900.0,8008000.0,4025376.98,6.534954,4.887553,8.686916,True,4.048258,2.106162,52.026376,1.982672,50.266945,107872638243.0,5026873900.0,3038015696.39,2897095942.26,0.18841469283633566,0.16368025464096086,0.14090546619251137,0.13894524241609468,0.001960223776416692
2010,120,project_state,MT,1950,80,1950,468262700.0,359144537.98,14323200.0,8289760.8,2,468213800.0,14274300.0,8213567.9,4.102564,3.308689,5.076918,True,3.058796,1.770323,57.876458,1.754234,57.540951,107872638243.0,5026873900.0,3038015696.39,2897095942.26,0.4340884840001456,0.2849325502276872,0.27286760927043663,0.2835103863903335,-0.010642777119896862
2010,120,project_state,AK,753,47,753,355105300.0,274809945.0,18512600.0,12597597.8,2,354568300.0,17975600.0,12022596.06,6.2417,4.726086,8.201516,True,5.213271,3.547567,68.048777,3.39077,66.882864,107872638243.0,5026873900.0,3038015696.39,2897095942.26,0.32918940871740776,0.3682726157105313,0.41466532957579577,0.41498784643705217,-0.00032251686125639445
2010,120,project_state,DE,797,59,797,272110100.0,199340945.0,6889000.0,4887534.19,2,271910100.0,6689000.0,4486338.82,7.40276,5.78231,9.43187,True,2.531696,1.796161,70.946933,1.649935,67.070396,107872638243.0,5026873900.0,3038015696.39,2897095942.26,0.2522512700459123,0.13704342175760564,0.1608791618755538,0.15485641171069553,0.006022750164858259
2010,120,business_age,Unknown,21959,1733,21959,5345737900.0,3955306941.65,311231900.0,192564142.39,63,5338120200.0,303614200.0,181305908.17,7.891981,7.542699,8.255992,True,5.822057,3.602199,61.871596,3.396437,59.715886,107872638243.0,5026873900.0,3038015696.39,2897095942.26,4.955601334193652,6.19136079781114,6.338484117077449,6.258194819346051,0.08028929773139826
2010,120,business_age,Existing,188769,10687,188769,71389605843.0,53210011319.8,2957483900.0,1769781582.0,355,71327338243.0,2895216300.0,1692653970.41,5.661417,5.558063,5.766575,True,4.142737,2.479047,59.840785,2.373079,58.463817,107872638243.0,5026873900.0,3038015696.39,2897095942.26,66.1795307927704,58.83346109000268,58.254523967831645,58.42588592663503,-0.1713619588033879
2010,120,business_age,Startup,44457,3635,44457,16597930300.0,12481998097.499998,1003980000.0,600035379.23,106,16572387000.0,978436700.0,569730198.56,8.17644,7.925334,8.434773,True,6.048826,3.615122,59.765671,3.437828,58.228621,107872638243.0,5026873900.0,3038015696.39,2897095942.26,15.38659902116287,19.972253531165762,19.750897927980013,19.6655619943176,0.08533593366241377
2010,120,business_age,New or early-stage,52949,4244,52949,14539364200.0,10756613052.62,754178100.0,475634592.77,123,14521758900.0,736572800.0,453405865.12,8.01526,7.787015,8.249596,True,5.187146,3.271358,63.066614,3.122252,61.556151,107872638243.0,5026873900.0,3038015696.39,2897095942.26,13.478268851873082,15.002924581020423,15.656093987110896,15.650357259701309,0.0057367274095874166
2010,120,business_type,CORPORATION,264375,17296,264375,97523148443.0,72656923744.23001,4711766100.0,2849445289.52,573,97417395343.0,4606013000.0,2718156195.16,6.542222,6.448596,6.637111,True,4.831434,2.921814,60.475101,2.790216,59.013212,107872638243.0,5026873900.0,3038015696.39,2897095942.26,90.40582489816727,93.73153561699648,93.79297456908884,93.82347872951661,-0.0305041604277676
2010,120,business_type,PARTNERSHIP,6251,230,6251,3193581300.0,2419025795.23,80038800.0,50446849.72,10,3190205800.0,76663300.0,45503167.53,3.679411,3.240453,4.175266,True,2.50624,1.579633,63.027994,1.42634,59.354564,107872638243.0,5026873900.0,3038015696.39,2897095942.26,2.960510980371091,1.5922181775834878,1.6605197194979857,1.570647587684078,0.08987213181390774
2010,120,business_type,INDIVIDUAL,37492,2768,37492,7145935700.0,5320483072.11,233616700.0,137736006.87,64,7142030400.0,229711400.0,133049029.29,7.382908,7.122562,7.651987,True,3.269225,1.927473,58.958117,1.862902,57.920081,107872638243.0,5026873900.0,3038015696.39,2897095942.26,6.6244191450130865,4.647355486677316,4.533749020245957,4.59249648412436,-0.058747463878402684
2010,120,processing_method,Preferred Lenders Program,81706,4174,81706,62372984643.0,48007707647.009995,2330782500.0,1340326022.18,82,62335360743.0,2293158600.0,1298696888.06,5.10856,4.959692,5.261649,True,3.736846,2.148889,57.50541,2.083403,56.63354,107872638243.0,5026873900.0,3038015696.39,2897095942.26,57.820950390121254,46.366440582486064,44.11846929470038,44.827541577615044,-0.7090722829146614
2010,120,processing_method,SBA Express Program,151743,9433,151743,11695729400.0,5846355686.620001,601525600.0,454278216.12,431,11670162200.0,575958400.0,414890583.06,6.216432,6.09605,6.33903,True,5.143122,3.884138,75.521011,3.55514,72.034818,107872638243.0,5026873900.0,3038015696.39,2897095942.26,10.842164973895919,11.966196327303933,14.9531227458702,14.320912780553181,0.6322099653170188
2010,120,processing_method,7a General,26064,1864,26064,21415434000.0,16624069188.099998,1328741200.0,745642004.68,46,21392054200.0,1305361400.0,718586910.96,7.151627,6.845064,7.470818,True,6.204596,3.481797,56.116421,3.35913,55.048886,107872638243.0,5026873900.0,3038015696.39,2897095942.26,19.852517143187306,26.432753763725803,24.5437179790094,24.80369740186914,-0.25997942285973963
2010,120,processing_method,Certified Lenders Program,2057,99,2057,2035507800.0,1552198457.58,88459100.0,46523890.77,5,2032627400.0,85578700.0,43373530.76,4.812834,3.969141,5.824988,True,4.3458,2.285616,52.593674,2.133865,50.682624,107872638243.0,5026873900.0,3038015696.39,2897095942.26,1.8869546839252231,1.7597238713308483,1.531390730643137,1.4971382247756928,0.034252505867444105
2010,120,processing_method,Community Express,5123,1023,5123,121635900.0,105567185.0,19413700.0,14407448.75,4,121470900.0,19248700.0,14185304.35,19.968768,18.896759,21.085782,True,15.960502,11.844734,74.212792,11.677945,73.69487,107872638243.0,5026873900.0,3038015696.39,2897095942.26,0.11275880703501114,0.3861982692663128,0.474238785767961,0.4896387497244625,-0.01539996395650145
2010,120,processing_method,Gulf Opportunity Pilot Loan Program,1516,150,1516,98454600.0,85166260.0,9204300.0,6628173.15,2,98382600.0,9132300.0,6550699.38,9.894459,8.49127,11.500384,True,9.348776,6.732213,72.011703,6.658392,71.731101,107872638243.0,5026873900.0,3038015696.39,2897095942.26,0.09126929831660889,0.1831018677432907,0.21817442081935576,0.22611261451320297,-0.007938193693847212
2010,120,processing_method,Patriot Express Loans,5551,725,5551,490984000.0,399301885.7,51751900.0,36066448.08,10,489528000.0,50295900.0,34060931.48,13.06071,12.199744,13.972766,True,10.540445,7.345748,69.691061,6.957913,67.72109,107872638243.0,5026873900.0,3038015696.39,2897095942.26,0.4551515639155702,1.029504639056094,1.187171222415239,1.175692215889452,0.011479006525787039
2010,120,processing_method,Rural Loan Initiative,2746,230,2746,430922400.0,354761345.8,35596000.0,20700319.8,8,429792300.0,34465900.0,19455178.72,8.375819,7.396924,9.47101,True,8.26042,4.803723,58.1535,4.526647,56.447616,107872638243.0,5026873900.0,3038015696.39,2897095942.26,0.39947331132226493,0.7081140428050124,0.6813763281275237,0.671540712069866,0.009835616057657703
2010,120,processing_method,Export Express,1050,110,1050,150487500.0,124830350.0,8306800.0,5924346.68,2,150358500.0,8177800.0,5789983.93,10.47619,8.765681,12.474844,True,5.519927,3.93677,71.319241,3.850786,70.801242,107872638243.0,5026873900.0,3038015696.39,2897095942.26,0.13950479236542204,0.16524782927218445,0.19500711227528406,0.19985475266943636,-0.004847640394152308
2010,120,processing_method,International Trade Loans,692,41,692,1118723100.0,997002755.0,64638700.0,35594563.99,0,1118723100.0,64638700.0,35594563.99,5.924855,4.397221,7.939132,True,5.7779,3.181714,55.066955,3.181714,55.066955,107872638243.0,5026873900.0,3038015696.39,2897095942.26,1.037077722600889,1.2858627704983807,1.171638580811026,1.2286291065056334,-0.0569905256946075
2010,120,processing_method,Working Capital CAPLine,1947,83,1947,1454498300.0,1086272371.7,64031400.0,50627017.76,15,1444428300.0,53961400.0,36812902.02,4.262969,3.452054,5.254008,True,4.402301,3.48072,79.065924,2.548614,68.220806,107872638243.0,5026873900.0,3038015696.39,2897095942.26,1.3483477586999542,1.2737817035752579,1.6664501707531945,1.2706828753238517,0.39576729542934275
2010,120,processing_method,Small Loan Advantage Initiative,24168,2065,24168,4157212500.0,3236649299.06,350909800.0,230002138.86,34,4151815300.0,345512600.0,223726666.73,8.544356,8.198481,8.903408,True,8.440988,5.532605,65.544519,5.388647,64.752101,107872638243.0,5026873900.0,3038015696.39,2897095942.26,3.8538155436925794,6.98067640009828,7.570801531187148,7.722445897165308,-0.1516443659781599
2010,120,processing_method,Community Advantage Initiative,2128,265,2128,273354500.0,220164595.0,34467300.0,24223594.31,5,272441200.0,33554000.0,23159283.03,12.453008,11.117419,13.923911,True,12.609011,8.861604,70.27993,8.500654,69.020931,107872638243.0,5026873900.0,3038015696.39,2897095942.26,0.25340485265988044,0.6856607244514329,0.7973492151072263,0.7993964815653857,-0.002047266458159336
2010,120,interest_rate_band,>5% to 7.5%,204648,13468,204648,77387106143.0,58226572417.439995,4282189700.0,2581669100.89,466,77289400443.0,4184484000.0,2461089303.83,6.581056,6.474443,6.689299,True,5.533467,3.336046,60.288527,3.184252,58.814642,107872638243.0,5026873900.0,3038015696.39,2897095942.26,71.73932834448105,85.18593832242341,84.97879401866602,84.95021748952246,0.02857652914356379
2010,120,interest_rate_band,Up to 5%,50864,1464,50864,28171643200.0,20773996064.37,559244700.0,319621809.3,57,28160481100.0,548082600.0,306152340.91,2.878264,2.736484,3.02716,True,1.985133,1.134552,57.152407,1.08717,55.858796,107872638243.0,5026873900.0,3038015696.39,2897095942.26,26.11565236454027,11.125099040180817,10.52074252545169,10.567559618725404,-0.04681709327371486
2010,120,interest_rate_band,>7.5% to 10%,52614,5367,52614,2313668900.0,1403242554.76,185439500.0,136724786.2,124,2309502800.0,181273400.0,129854297.52,10.200707,9.944994,10.462232,True,8.014954,5.909436,73.730131,5.622608,71.634502,107872638243.0,5026873900.0,3038015696.39,2897095942.26,2.144815346768565,3.688962637395778,4.500463455882295,4.482222891752137,0.018240564130158177
