candidate_start_fy,horizon_months,approval_fy,eligible_loans,chargeoffs,valid_gross_amount_loans,gross_approval,sba_guaranteed_approval,chargeoff_loan_approval,gross_chargeoff_amount,flagged_financial_chargeoffs,sensitivity_gross_approval,sensitivity_chargeoff_loan_approval,sensitivity_gross_chargeoff_amount,chargeoff_rate_percent,ci95_low_percent,ci95_high_percent,passes_rate_reporting_rule,approval_weighted_chargeoff_incidence_percent,gross_chargeoff_rate_percent,chargeoff_severity_percent,sensitivity_gross_chargeoff_rate_percent,sensitivity_chargeoff_severity_percent
2001,96,2001,37320,4338,37320,8549914826.48,6233679768.4689,858228350.17,518651865.0,118,8533702815.48,842016339.17,501092105.37,11.623794,11.30256,11.952928,True,10.037858,6.066164,60.432852,5.871919,59.510972
2001,96,2002,45184,4645,45184,10567876861.9,7697091734.464479,777839811.0,459806265.6,101,10559857167.9,769820117.0,449868446.85,10.280188,10.003528,10.5636,True,7.360417,4.350981,59.113234,4.260175,58.438126
2001,120,2001,37320,4761,37320,8549914826.48,6233679768.4689,989767136.17,586208797.13,129,8530460815.48,970313125.17,565050918.16,12.757235,12.422593,13.099542,True,11.576339,6.856312,59.226941,6.62392,58.233874
2001,120,2002,45184,5182,45184,10567876861.9,7697091734.464479,917692189.0,530213702.5,131,10557946867.9,907762195.0,517135081.27,11.468661,11.178125,11.765749,True,8.68379,5.017221,57.776857,4.898065,56.968123
2001,96,2003,59108,7636,59108,9687973559.0,6963788689.7992,720965524.0,449119951.9,261,9674186959.0,707178924.0,428710925.39,12.918725,12.650739,13.191531,True,7.441861,4.63585,62.294234,4.431493,60.622695
2001,120,2003,59108,8102,59108,9687973559.0,6963788689.7992,819186590.0,499063184.28,285,9672120059.0,803333090.0,475880521.36,13.707112,13.432211,13.986731,True,8.455706,5.151368,60.921796,4.920126,59.238257
2001,96,2004,71281,11209,71281,11770525676.0,8341267175.602,1021948951.0,658227119.11,389,11752132714.0,1003555989.0,629429610.34,15.725088,15.459693,15.994178,True,8.682271,5.592164,64.409002,5.355876,62.71993
2001,96,2005,84423,17704,84423,13206749776.01,9247684170.967793,1556868131.0,1079394047.97,653,13172375941.01,1522494296.0,1027913029.85,20.970589,20.697302,21.246517,True,11.788428,8.173048,69.331116,7.803551,67.515066
2001,120,2004,71281,11802,71281,11770525676.0,8341267175.602,1159772675.0,732257622.95,414,11748353214.0,1137600213.0,698790967.99,16.557007,16.285946,16.831672,True,9.853194,6.221112,63.13803,5.947991,61.426761
2001,120,2005,84423,18983,84423,13206749776.01,9247684170.967793,1923757700.0,1294702943.07,699,13165510141.01,1882518065.0,1234705431.42,22.485579,22.205216,22.768445,True,14.566473,9.803343,67.300728,9.378333,65.587973
2001,96,2006,86564,24553,86564,12750709136.0,8867316514.586,2207413128.0,1652388615.68,685,12695356485.0,2152060477.0,1578998260.86,28.363985,28.064669,28.665222,True,17.312081,12.95919,74.856337,12.437605,73.371463
2001,120,2006,86564,26672,86564,12750709136.0,8867316514.586,3123193755.0,2211424722.55,739,12680353617.0,3052838236.0,2121785057.78,30.811885,30.505165,31.120308,True,24.494275,17.343543,70.806517,16.732854,69.502047
2001,96,2007,88261,29305,88261,12578154065.33,8726014403.199501,2787610570.0,2145175613.97,564,12515184465.33,2724640970.0,2067318055.44,33.20266,32.892706,33.514077,True,22.162319,17.054773,76.95392,16.518479,75.87488
2001,120,2007,88261,31578,88261,12578154065.33,8726014403.199501,3776174441.0,2772035889.49,637,12489843045.33,3687863421.0,2666309014.89,35.777977,35.462364,36.094827,True,30.02169,22.038495,73.408576,21.347818,72.29956
2001,96,2008,61607,17066,61607,11100434303.27,7882537989.290501,2211003210.0,1623777145.88,234,11066222186.27,2176791093.0,1583881669.97,27.701398,27.349411,28.056165,True,19.918169,14.628051,73.440741,14.312759,72.762227
2001,120,2008,61607,18091,61607,11100434303.27,7882537989.290501,2675511505.0,1900875219.96,263,11056409011.27,2631486213.0,1850407948.71,29.36517,29.006833,29.72608,True,24.102764,17.124332,71.04717,16.736066,70.31798
2001,96,2009,36629,4745,36629,8138340278.66,6429853498.028,818376973.0,524189231.61,80,8123339778.66,803376473.0,506715984.9,12.954217,12.614211,13.301992,True,10.055822,6.440984,64.052295,6.237779,63.073292
2001,120,2009,36629,5139,36629,8138340278.66,6429853498.028,953676673.0,597368066.06,87,8120810778.66,936147173.0,576845731.3,14.029867,13.677977,14.389301,True,11.718319,7.340171,62.638427,7.103302,61.619129
2001,96,2010,39908,3175,39908,10184738200.0,8221706807.110001,600089200.0,376820726.35,51,10172998800.0,588349800.0,363939150.81,7.955798,7.694331,8.225359,True,5.892043,3.699857,62.794119,3.577501,61.857614
2001,96,2011,45586,2690,45586,16201937800.0,12623449260.189999,707032600.0,415011912.49,73,16187132000.0,692226800.0,396461226.56,5.900934,5.688313,6.120988,True,4.363877,2.561496,58.697705,2.449237,57.273314
2010,96,2010,39908,3175,39908,10184738200.0,8221706807.110001,600089200.0,376820726.35,51,10172998800.0,588349800.0,363939150.81,7.955798,7.694331,8.225359,True,5.892043,3.699857,62.794119,3.577501,61.857614
2010,96,2011,45586,2690,45586,16201937800.0,12623449260.189999,707032600.0,415011912.49,73,16187132000.0,692226800.0,396461226.56,5.900934,5.688313,6.120988,True,4.363877,2.561496,58.697705,2.449237,57.273314
2001,120,2010,39908,3486,39908,10184738200.0,8221706807.110001,727267000.0,440115366.13,59,10170698700.0,713227500.0,424598235.07,8.735091,8.462032,9.016093,True,7.140753,4.321322,60.516339,4.17472,59.531949
2001,120,2011,45586,2910,45586,16201937800.0,12623449260.189999,818359500.0,465736744.78,80,16184124000.0,800545700.0,443391484.99,6.383539,6.162785,6.611643,True,5.050998,2.874574,56.911021,2.739669,55.386155
2010,120,2010,39908,3486,39908,10184738200.0,8221706807.110001,727267000.0,440115366.13,59,10170698700.0,713227500.0,424598235.07,8.735091,8.462032,9.016093,True,7.140753,4.321322,60.516339,4.17472,59.531949
2010,120,2011,45586,2910,45586,16201937800.0,12623449260.189999,818359500.0,465736744.78,80,16184124000.0,800545700.0,443391484.99,6.383539,6.162785,6.611643,True,5.050998,2.874574,56.911021,2.739669,55.386155
2001,96,2012,38854,2097,38854,13220237700.0,9585789358.0,488717100.0,300615974.97,70,13209861500.0,478340900.0,288237027.48,5.397128,5.176825,5.626249,True,3.696735,2.273907,61.511245,2.181984,60.257659
2001,96,2013,40385,2014,40385,15454865600.0,11309663204.19,490341600.0,293138976.91,71,15444508300.0,479984300.0,279389667.55,4.987,4.778949,5.203614,True,3.172733,1.896742,59.782604,1.80899,58.208085
2001,96,2014,45907,2508,45907,16844041600.0,12316331866.76,511159300.0,329383318.75,93,16829474600.0,496592300.0,312458386.25,5.463219,5.259031,5.67486,True,3.034659,1.955489,64.438487,1.856614,62.920506
2010,96,2012,38854,2097,38854,13220237700.0,9585789358.0,488717100.0,300615974.97,70,13209861500.0,478340900.0,288237027.48,5.397128,5.176825,5.626249,True,3.696735,2.273907,61.511245,2.181984,60.257659
2010,96,2013,40385,2014,40385,15454865600.0,11309663204.19,490341600.0,293138976.91,71,15444508300.0,479984300.0,279389667.55,4.987,4.778949,5.203614,True,3.172733,1.896742,59.782604,1.80899,58.208085
2010,96,2014,45907,2508,45907,16844041600.0,12316331866.76,511159300.0,329383318.75,93,16829474600.0,496592300.0,312458386.25,5.463219,5.259031,5.67486,True,3.034659,1.955489,64.438487,1.856614,62.920506
2001,120,2012,38854,2270,38854,13220237700.0,9585789358.0,574074900.0,341160319.03,81,13208718500.0,562555700.0,326907063.6,5.842384,5.613507,6.079992,True,4.342395,2.580591,59.427841,2.474934,58.111057
2001,120,2013,40385,2263,40385,15454865600.0,11309663204.19,619405600.0,356099478.01,83,15443483300.0,608023300.0,340685492.87,5.603566,5.38345,5.832127,True,4.007836,2.304125,57.490516,2.206015,56.031651
2001,120,2014,45907,2796,45907,16844041600.0,12316331866.76,694057300.0,426080080.31,106,16826509600.0,676525300.0,405058717.58,6.090574,5.875454,6.313042,True,4.120491,2.52956,61.389756,2.407265,59.873403
2010,120,2012,38854,2270,38854,13220237700.0,9585789358.0,574074900.0,341160319.03,81,13208718500.0,562555700.0,326907063.6,5.842384,5.613507,6.079992,True,4.342395,2.580591,59.427841,2.474934,58.111057
2010,120,2013,40385,2263,40385,15454865600.0,11309663204.19,619405600.0,356099478.01,83,15443483300.0,608023300.0,340685492.87,5.603566,5.38345,5.832127,True,4.007836,2.304125,57.490516,2.206015,56.031651
2010,120,2014,45907,2796,45907,16844041600.0,12316331866.76,694057300.0,426080080.31,106,16826509600.0,676525300.0,405058717.58,6.090574,5.875454,6.313042,True,4.120491,2.52956,61.389756,2.407265,59.873403
2001,96,2015,55370,3339,55370,20314557100.0,14874416946.82,711042300.0,464785115.16,111,20293936100.0,690421300.0,439737869.89,6.030341,5.835097,6.231687,True,3.500161,2.287941,65.366732,2.166844,63.691237
2010,96,2015,55370,3339,55370,20314557100.0,14874416946.82,711042300.0,464785115.16,111,20293936100.0,690421300.0,439737869.89,6.030341,5.835097,6.231687,True,3.500161,2.287941,65.366732,2.166844,63.691237
2001,120,2015,55370,3660,55370,20314557100.0,14874416946.82,926276800.0,581662365.49,122,20288424000.0,900143700.0,548675864.67,6.610078,6.406124,6.820052,True,4.55967,2.863279,62.795739,2.704379,60.954253
2010,120,2015,55370,3660,55370,20314557100.0,14874416946.82,926276800.0,581662365.49,122,20288424000.0,900143700.0,548675864.67,6.610078,6.406124,6.820052,True,4.55967,2.863279,62.795739,2.704379,60.954253
2001,96,2016,56739,3636,56739,21593989443.0,15839094468.080002,797285600.0,521207140.03,153,21574617743.0,777913900.0,496443377.55,6.408291,6.209717,6.612767,True,3.692164,2.413668,65.372702,2.301053,63.817265
2001,96,2017,56060,3974,56060,23047545800.0,16939763627.050001,900434300.0,612704492.45,162,23023481200.0,876369700.0,583107876.38,7.088833,6.879317,7.30423,True,3.906855,2.658437,68.045441,2.532666,66.536745
2010,96,2016,56739,3636,56739,21593989443.0,15839094468.080002,797285600.0,521207140.03,153,21574617743.0,777913900.0,496443377.55,6.408291,6.209717,6.612767,True,3.692164,2.413668,65.372702,2.301053,63.817265
2010,96,2017,56060,3974,56060,23047545800.0,16939763627.050001,900434300.0,612704492.45,162,23023481200.0,876369700.0,583107876.38,7.088833,6.879317,7.30423,True,3.906855,2.658437,68.045441,2.532666,66.536745
2001,120,2016,42124,2914,42124,15652260243.0,11472571968.5,667432800.0,427161342.64,116,15637646243.0,652818800.0,407779083.48,6.917672,6.679255,7.163945,True,4.26413,2.729071,64.000652,2.607676,62.46436
2010,120,2016,42124,2914,42124,15652260243.0,11472571968.5,667432800.0,427161342.64,116,15637646243.0,652818800.0,407779083.48,6.917672,6.679255,7.163945,True,4.26413,2.729071,64.000652,2.607676,62.46436
2001,96,2018,40411,3052,40411,16830800200.0,12374535105.55,629837000.0,435250082.43,119,16810365700.0,609402500.0,408946413.89,7.552399,7.298789,7.814078,True,3.742169,2.586033,69.105194,2.432704,67.106127
2010,96,2018,40411,3052,40411,16830800200.0,12374535105.55,629837000.0,435250082.43,119,16810365700.0,609402500.0,408946413.89,7.552399,7.298789,7.814078,True,3.742169,2.586033,69.105194,2.432704,67.106127
