project_state,eligible_loans,chargeoffs,gross_approval,gross_approval_share_percent,display_chargeoff_rate_percent,display_ci95_low_percent,display_ci95_high_percent,risk_display_allowed,mix_adjusted_risk_percent,adjusted_risk_difference_vs_reference_pp,adjusted_risk_difference_ci95_low_pp,adjusted_risk_difference_ci95_high_pp,vintages_passing_500_25,model_test_loans,chargeoffs_model_test,prevalence,mean_predicted_risk,brier,calibration_intercept,calibration_slope,model_calibration_available
TX,23748,1979,1.02738551e+10,9.524060288,8.333333,7.988516,8.691628,True,7.73847404,0.2959969,-0.09465268,0.68664649,7,7632,704,0.09224318658,0.07487048367,0.04434788473,0.405979581,0.9530595741,True
FL,12962,1169,5755005400,5.335000139,9.01867,8.537608,9.524016,True,9.4901975,2.04772035,1.50875152,2.58668919,7,4869,449,0.09221606079,0.08042608362,0.03938992837,0.3051209645,0.9816485064,True
MI,11728,590,3466042200,3.213087449,5.030696,4.649624,5.441216,True,6.53378658,-0.90869056,-1.43444575,-0.38293538,7,3804,206,0.05415352261,0.04387623153,0.02851815918,0.6174849106,1.156809448,True
NY,19186,1280,4725981800,4.381075569,6.671531,6.327052,7.033358,True,6.47505813,-0.96741901,-1.37318547,-0.56165255,7,6086,402,0.06605323694,0.05618198952,0.03535368108,0.3086571654,0.9918000468,True
WI,9258,502,3101645900,2.875285105,5.422337,4.979259,5.902395,True,6.11055738,-1.33191976,-1.87742507,-0.78641444,7,2425,133,0.05484536082,0.05145246223,0.03216332056,0.2011371863,1.06455606,True
MN,9187,489,2687778200,2.491621827,5.322739,4.882087,5.800737,True,4.55973592,-2.88274122,-3.33707932,-2.42840312,7,2595,136,0.05240847784,0.04517688749,0.02850853895,0.4512326995,1.1279472,True
UT,6925,374,1778563400,1.648762308,5.400722,4.892659,5.958238,True,4.8751665,-2.56731064,-3.07284814,-2.06177314,7,1818,96,0.05280528053,0.04855545892,0.02631674112,0.2478408547,1.066800569,True
ME,2109,94,342716500,0.317704754,4.457089,3.656092,5.423692,True,4.16234142,-3.28013572,-4.12078489,-2.43948655,0,,,,,,,,False
MA,11093,547,1616593400,1.498613018,4.931038,4.543493,5.349785,True,4.87304763,-2.56942951,-3.0063083,-2.13255072,7,3816,236,0.06184486373,0.048148127,0.02654203457,0.8541220865,1.219303203,True
PA,9416,559,3035976500,2.814408315,5.936703,5.477125,6.43222,True,6.14831043,-1.29416671,-1.81523192,-0.7731015,7,2979,171,0.05740181269,0.04961951587,0.03160204355,0.3558121488,1.071735469,True
CA,38431,2413,1.78711335e+10,16.56688275,6.278785,6.040599,6.525712,True,7.44247714,0,0,0,7,13375,951,0.07110280374,0.06269865341,0.02956829345,0.3436812695,1.060844606,True
AL,2261,191,982763600,0.9110406643,8.44759,7.370572,9.665564,True,7.19984171,-0.24263543,-1.18382349,0.69855263,0,763,63,0.08256880734,0.07096244065,0.04067077942,0.3559737218,1.039988374,True
AZ,6324,400,2701182100,2.504047499,6.325111,5.751295,6.951954,True,8.25264704,0.8101699,0.09360968,1.52673012,7,1971,123,0.06240487062,0.04811467042,0.03412200778,0.5267541067,0.9909387868,True
CO,7473,411,2828471800,2.622047487,5.499799,5.005409,6.039916,True,6.34889071,-1.09358643,-1.68531058,-0.50186228,7,2537,141,0.05557745369,0.04986443555,0.02648270513,0.3683878459,1.134909942,True
ID,3002,118,738848000,0.6849262353,3.930713,3.292406,4.686773,True,4.44306691,-2.99941023,-3.75847019,-2.24035027,0,893,34,0.03807390817,0.03085006345,0.02188117401,0.857687248,1.287136495,True
OH,17217,1068,3641385600,3.375634136,6.203171,5.852544,6.573338,True,8.20985878,0.76738163,0.28137612,1.25338715,7,5505,359,0.06521344233,0.05736951708,0.02944143404,0.3397904478,1.051578523,True
GA,8358,596,5495497600,5.094431442,7.130893,6.59866,7.702513,True,8.94783288,1.50535574,0.83751616,2.17319531,7,2894,194,0.06703524534,0.06467273647,0.03146212164,0.1699052512,1.09442246,True
VT,1430,72,230926700,0.2140734701,5.034965,4.017219,6.293646,True,4.01890805,-3.42356909,-4.33169216,-2.51544602,0,,,,,,,,False
IN,6961,474,2229779643,2.0670484,6.809366,6.241104,7.425273,True,6.68869646,-0.75378068,-1.34407659,-0.16348478,7,2122,126,0.05937794533,0.05454233134,0.0387825884,0.1770659037,1.028313826,True
MS,3137,271,961291700,0.8911358021,8.638827,7.705611,9.673218,True,5.57096803,-1.87150911,-2.62451881,-1.1184994,2,713,39,0.05469845722,0.06498640674,0.03793604287,-0.04863227781,1.122598054,True
WA,8192,402,3322112200,3.079661584,4.907227,4.460211,5.396513,True,5.68825896,-1.75421818,-2.30192957,-1.2065068,7,2561,116,0.04529480672,0.03969428061,0.0229775822,0.3850251711,1.098936008,True
TN,2843,218,1373748200,1.273490871,7.667956,6.745988,8.704169,True,7.74185376,0.29937662,-0.65328313,1.25203636,2,867,74,0.08535178777,0.05633273613,0.04260203111,1.020127689,1.144102773,True
NC,5809,385,2567982900,2.380569292,6.627647,6.016165,7.296455,True,6.4102681,-1.03220904,-1.70614564,-0.35827244,7,1911,135,0.07064364207,0.05647717521,0.03775459162,0.447536863,1.037479707,True
IL,10076,835,3642157900,3.376350073,8.287019,7.764491,8.841341,True,8.3902788,0.94780166,0.38904726,1.50655607,7,2950,236,0.08,0.07285501341,0.03849592312,0.3287915424,1.137971516,True
MO,6081,499,2040774900,1.891837386,8.205887,7.542174,8.922371,True,7.11677541,-0.32570173,-0.95282852,0.30142505,7,1705,126,0.07390029326,0.06864715992,0.03870486265,0.1842444602,1.037127441,True
SC,2090,150,1156850300,1.072422367,7.177033,6.147265,8.363932,True,7.92115952,0.47868238,-0.64538253,1.60274729,0,715,47,0.06573426573,0.05587652326,0.03038955461,0.6425534484,1.28715066,True
PR,2809,230,243156600,0.2254108215,8.187967,7.230219,9.259919,True,4.00274948,-3.43972766,-3.97399722,-2.9054581,1,891,54,0.06060606061,0.07395287756,0.03785797691,-0.3597081085,0.9747621613,True
AR,1713,135,831098400,0.7704441215,7.880911,6.697155,9.25315,True,6.52919354,-0.9132836,-1.96098231,0.13441511,0,560,39,0.06964285714,0.06691829681,0.0369415691,0.1598577657,1.055423677,True
KY,2996,228,829021500,0.7685187954,7.610147,6.714006,8.614853,True,7.36970424,-0.0727729,-0.96114566,0.81559987,2,858,52,0.06060606061,0.06262459516,0.03722767109,0.1155556031,1.119394809,True
VA,4446,345,1637917600,1.51838096,7.759784,7.009335,8.583164,True,6.30911418,-1.13336296,-1.80687771,-0.45984822,6,1386,113,0.08152958153,0.06048909964,0.04312691018,0.7500340524,1.15882883,True
NJ,7065,504,2978642400,2.761258507,7.133758,6.556586,7.75752,True,7.79055829,0.34808114,-0.29430879,0.99047108,7,2519,172,0.06828106391,0.06097349154,0.03391352117,0.3607133963,1.133348158,True
IA,2768,221,955156500,0.8854483542,7.984104,7.031614,9.053052,True,5.79799169,-1.64448545,-2.39738856,-0.89158233,2,617,46,0.07455429498,0.06690511234,0.04041375088,0.4473609882,1.18422345,True
OK,2774,220,1168363900,1.083095694,7.930786,6.982411,8.995515,True,5.93976791,-1.50270923,-2.26271488,-0.74270358,0,822,57,0.06934306569,0.07258752799,0.04459091038,0.002694420533,1.052724047,True
CT,3320,206,964284800,0.893910463,6.204819,5.433744,7.077125,True,6.77803692,-0.66444022,-1.49792235,0.16904191,2,1013,56,0.05528134255,0.04649289436,0.02928408349,0.4888578799,1.114156876,True
SD,869,48,250668800,0.2323747746,5.52359,4.191257,7.247414,True,4.47170484,-2.97077231,-4.12400838,-1.81753623,0,,,,,,,,False
NM,1489,79,511754100,0.4744058441,5.305574,4.277758,6.56341,True,3.61069171,-3.83178543,-4.65343028,-3.01014058,0,,,,,,,,False
MD,4167,301,1353907600,1.255098255,7.223422,6.476187,8.049454,True,6.74262258,-0.69985456,-1.41616737,0.01645824,6,1299,104,0.08006158584,0.06984182929,0.04469641198,0.190771394,0.9452488438,True
NH,3025,160,436344300,0.4044995164,5.289256,4.546859,6.145066,True,5.11215524,-2.3303219,-3.10658033,-1.55406347,1,783,36,0.04597701149,0.0463815763,0.02219493905,0.6302842987,1.588212404,True
OR,4363,205,1413022700,1.309899084,4.698602,4.109567,5.367339,True,4.86364453,-2.57883262,-3.20705439,-1.95061084,5,1395,76,0.05448028674,0.04497595586,0.02964986718,0.1915728964,0.8786978017,True
ND,1173,37,265786600,0.2463892645,3.154305,2.297003,4.317436,True,2.23000439,-5.21247275,-5.92528473,-4.49966077,0,,,,,,,,False
LA,2653,216,859392900,0.7966736644,8.141726,7.16061,9.243887,True,6.04907118,-1.39340596,-2.21182026,-0.57499167,1,632,57,0.09018987342,0.06114340673,0.04813654244,1.110040389,1.273775209,True
HI,2105,128,189073300,0.1752745674,6.08076,5.137672,7.183854,True,3.65503971,-3.78743743,-4.40539025,-3.16948461,1,886,62,0.06997742664,0.04767137727,0.03324545632,1.315845454,1.440080926,True
KS,2729,193,879735600,0.8155317366,7.072188,6.169489,8.095571,True,5.0815577,-2.36091944,-3.06533732,-1.65650155,0,715,45,0.06293706294,0.06614212541,0.03491914289,0.06681502124,1.116114378,True
NE,2425,166,690948400,0.6405223894,6.845361,5.907031,7.920197,True,5.6219818,-1.82049535,-2.60990367,-1.03108702,0,623,37,0.05939004815,0.05337596351,0.0367494281,0.05610671855,0.9334205363,True
WV,806,47,216426200,0.2006312291,5.831266,4.413313,7.668244,True,7.00238052,-0.44009663,-2.31349176,1.43329851,0,,,,,,,,False
RI,2001,105,381520200,0.3536765265,5.247376,4.353311,6.312942,True,6.04013566,-1.40234148,-2.41435323,-0.39032973,0,545,35,0.06422018349,0.04956101899,0.02496505514,1.44276301,1.730799567,True
NV,2134,157,740402000,0.686366823,7.357076,6.324378,8.543022,True,7.69570169,0.25322454,-0.79008204,1.29653113,0,827,57,0.06892382104,0.07267059001,0.03373619937,-0.1455905808,0.9543609596,True
WY,658,43,203247900,0.1884146928,6.534954,4.887553,8.686916,True,3.92430226,-3.51817488,-4.61043424,-2.42591551,0,,,,,,,,False
MT,1950,80,468262700,0.434088484,4.102564,3.308689,5.076918,True,2.04005958,-5.40241756,-5.90385656,-4.90097856,0,,,,,,,,False
AK,753,47,355105300,0.3291894087,6.2417,4.726086,8.201516,True,5.7547209,-1.68775624,-3.25229052,-0.12322197,0,,,,,,,,False
DE,797,59,272110100,0.25225127,7.40276,5.78231,9.43187,True,7.20558198,-0.23689516,-1.7757958,1.30200548,0,,,,,,,,False
