dimension,segment,eligible_loans,chargeoffs,gross_approval,gross_approval_share_percent,chargeoff_loan_approval,chargeoff_loan_approval_share_percent,gross_chargeoff_amount,gross_chargeoff_amount_share_percent,sensitivity_gross_chargeoff_amount,sensitivity_gross_chargeoff_amount_share_percent,financial_anomaly_share_shift_pp,display_chargeoff_rate_percent,display_ci95_low_percent,display_ci95_high_percent,risk_display_allowed,approval_weighted_chargeoff_incidence_percent,gross_chargeoff_rate_percent,sensitivity_gross_chargeoff_rate_percent,flagged_financial_chargeoffs
loan_size_band,$150k to $350k,53649,3256,1.3696011e+10,12.6964643,835209300,16.61488465,552950538.5,18.20104284,524479052.2,18.1036135,0.09742934172,6.069079,5.870169,6.274279,True,6.098194,4.037311,3.836097,93
loan_size_band,More than $1m,28434,1115,5.54008212e+10,51.35762145,2062514700,41.02976802,1114156146,36.67381138,1072719223,37.02739724,-0.353585853,3.921362,3.701904,4.153268,True,3.722896,2.011082,1.937538,20
loan_size_band,$50k to $150k,69628,4838,7281567143,6.750152088,523125000,10.40656699,373182891.4,12.28377101,348309655.9,12.02271733,0.2610536788,6.948354,6.761851,7.139607,True,7.184236,5.125035,4.794454,162
loan_size_band,Up to $50k,109567,8760,3037020900,2.815376493,226645800,4.508682822,182348787.5,6.002233223,165782950.2,5.722383847,0.2798493764,7.995108,7.835984,8.157177,True,7.462767,6.004199,5.476147,326
loan_size_band,$350k to $1m,46856,2330,2.8457218e+10,26.38038567,1379379100,27.44009751,815377332.8,26.83914154,785805061.1,27.12388808,-0.2847465439,4.972682,4.77952,5.173227,True,4.847203,2.865274,2.763988,46
term_band,85 to 120,64122,3100,2.531450474e+10,23.46703034,1030159000,20.49303445,725213637.5,23.8712933,692209804.3,23.89323026,-0.02193695454,4.834534,4.671202,5.003277,True,4.069442,2.864815,2.737502,87
term_band,241 to 360,39482,537,4.38769383e+10,40.67476147,608591700,12.10676281,291286407,9.588048124,280970071.7,9.698335067,-0.110286943,1.360113,1.250501,1.47919,True,1.387042,0.663871,0.640496,14
term_band,13 to 60,58667,9438,6893740600,6.390629461,1397658500,27.80373106,858422179.2,28.25601528,809984636.8,27.95850234,0.2975129364,16.087409,15.792322,16.386936,True,20.274312,12.452197,11.808978,315
term_band,61 to 84,110484,3953,1.23230646e+10,11.42371671,960153100,19.10040154,631150106.8,20.77507722,613045342.5,21.16068486,-0.3856076463,3.577894,3.469976,3.689039,True,7.791512,5.121698,4.981164,67
term_band,181 to 240,11449,479,8066608500,7.477900449,452049500,8.99265645,209148165.7,6.884367513,200009007.3,6.903775758,-0.01940824447,4.183772,3.832131,4.566147,True,5.60396,2.592765,2.482074,15
term_band,121 to 180,16493,398,8742650400,8.104604228,272718900,5.425218643,143770187.1,4.732371439,139855235.3,4.827428505,-0.09505706649,2.413145,2.189792,2.65866,True,3.119408,1.644469,1.600316,10
term_band,1 to 12,7260,2294,2620442300,2.429200159,290027600,5.769541981,167754336.8,5.521839042,150224645.1,5.185352785,0.3364862573,31.597796,30.538359,32.676697,True,11.067887,6.401757,5.760344,135
naics2,72,38671,2973,1.89236619e+10,17.54259672,892904100,17.76261187,527942785.7,17.37788209,501141850.3,17.29807574,0.07980635732,7.687932,7.426599,7.95767,True,4.718453,2.789855,2.651486,83
naics2,54,31653,1851,8063966100,7.475450894,328074300,6.526407993,219233847.6,7.216350061,209270993,7.223474721,-0.007124660255,5.847787,5.59461,6.111679,True,4.068399,2.718685,2.597431,47
naics2,31,6354,413,2431256200,2.253821024,115583000,2.299301759,72693497.53,2.392795324,67090639.61,2.315789361,0.0770059631,6.499843,5.919586,7.132665,True,4.754044,2.989956,2.763682,13
naics2,23,30997,2152,6091088000,5.646555141,438996300,8.73298811,285065020,9.383263568,267929834.3,9.248220964,0.135042604,6.942607,6.66495,7.230936,True,7.20719,4.680035,4.407554,110
naics2,11,5517,252,3136712600,2.907792607,109301300,2.174339404,57328344.61,1.887032535,56903719.21,1.964164127,-0.07713159154,4.5677,4.047672,5.150953,True,3.484581,1.827657,1.814249,7
naics2,33,13371,779,6624218300,6.140777131,332553300,6.615509094,190117958.9,6.257964998,181613513.1,6.268812517,-0.01084751954,5.826041,5.441558,6.2359,True,5.020265,2.870044,2.744385,25
naics2,81,26962,1770,7881982943,7.306749025,338229300,6.728422211,211903765.7,6.975071457,205173803,7.082050684,-0.1069792264,6.564795,6.275316,6.866649,True,4.29117,2.688458,2.605005,47
naics2,32,6208,374,3148961600,2.919147665,153892000,3.061385725,86381934.01,2.843366942,82207741.1,2.837591255,0.005775687425,6.024485,5.45935,6.644009,True,4.887071,2.743188,2.613425,18
naics2,62,30051,1302,1.20155187e+10,11.13861577,361297600,7.187321727,223871370.1,7.368999783,211587859.8,7.303446764,0.06555301868,4.332635,4.108227,4.568716,True,3.006925,1.863185,1.76253,48
naics2,42,17381,1320,7762066300,7.195584002,403485700,8.026572936,248149780.2,8.168153327,235420493.2,8.126085497,0.04206782997,7.5945,7.209972,7.997768,True,5.198174,3.196955,3.037113,46
naics2,45,11935,1064,2432420500,2.254900353,167705700,3.336182752,106586934.6,3.508439233,102925231.9,3.552703604,-0.04426437048,8.914956,8.416853,9.439499,True,6.894601,4.381929,4.236217,31
naics2,44,31885,2341,1.28882285e+10,11.94763446,631287000,12.55824221,367528715,12.09765688,352950172.1,12.18289553,-0.08523865044,7.34201,7.060832,7.633466,True,4.898167,2.851662,2.741094,78
naics2,56,13803,902,2871197700,2.661655214,163807600,3.25863754,104291339.2,3.432876905,99574343.33,3.437039895,-0.004162989989,6.534811,6.134495,6.959315,True,5.705201,3.632329,3.47264,33
naics2,71,7871,640,3187566100,2.954934775,189820600,3.776116206,109285777.1,3.597274933,101578711.5,3.506225321,0.09104961213,8.131114,7.547541,8.755536,True,5.955033,3.428502,3.193211,19
naics2,53,6610,276,3213966200,2.979408173,89604800,1.782515372,42289847.08,1.392022007,41713244.11,1.439829572,-0.04780756481,4.175492,3.7193,4.684915,True,2.787982,1.315815,1.298078,5
naics2,52,4835,176,1541937700,1.429405756,25953100,0.5162870706,19196877,0.6318886707,19196877,0.6626248278,-0.03073615713,3.640124,3.147951,4.205906,True,1.683148,1.244984,1.244984,0
naics2,21,937,64,473816400,0.4392368702,39773000,0.7912074341,22172484.66,0.7298344339,20609456.84,0.7113833042,0.01845112971,6.830309,5.385029,8.628114,True,8.39418,4.679552,4.362562,1
naics2,48,13705,1062,2428685300,2.251437751,142849500,2.8417164,81345131.11,2.677574418,79507881.76,2.744399335,-0.06682491624,7.748997,7.313115,8.208558,True,5.881762,3.349348,3.275164,23
naics2,61,4022,256,1132508700,1.049857238,40919600,0.8140168386,26593918.09,0.8753713196,24988154.04,0.8625242152,0.01284710435,6.364993,5.651365,7.161893,True,3.613182,2.348231,2.20864,9
naics2,49,968,64,321912800,0.298419326,8001000,0.1591645257,5025554.2,0.1654222592,5025554.2,0.1734686838,-0.008046424613,6.61157,5.211443,8.354705,True,2.485456,1.561154,1.561154,0
naics2,51,3929,244,1135676300,1.052793663,46986900,0.9347141173,27392607.56,0.9016611597,27067662.34,0.9343032775,-0.03264211777,6.210232,5.497523,7.008485,True,4.13735,2.412008,2.383964,4
business_age,Unknown,21959,1733,5345737900,4.955601334,311231900,6.191360798,192564142.4,6.338484117,181305908.2,6.258194819,0.08028929773,7.891981,7.542699,8.255992,True,5.822057,3.602199,3.396437,63
business_age,Existing,188769,10687,7.138960584e+10,66.17953079,2957483900,58.83346109,1769781582,58.25452397,1692653970,58.42588593,-0.1713619588,5.661417,5.558063,5.766575,True,4.142737,2.479047,2.373079,355
business_age,Startup,44457,3635,1.65979303e+10,15.38659902,1003980000,19.97225353,600035379.2,19.75089793,569730198.6,19.66556199,0.08533593366,8.17644,7.925334,8.434773,True,6.048826,3.615122,3.437828,106
business_age,New or early-stage,52949,4244,1.45393642e+10,13.47826885,754178100,15.00292458,475634592.8,15.65609399,453405865.1,15.65035726,0.00573672741,8.01526,7.787015,8.249596,True,5.187146,3.271358,3.122252,123
