comparison_type,factor,comparison_value,reference_category,scenario_value,eligible_loans,chargeoffs,pooled_risk_percent,pooled_ci95_low_percent,pooled_ci95_high_percent,vintage_standardized_risk_percent,mix_adjusted_risk_percent,adjusted_risk_difference_vs_reference_pp,adjusted_risk_difference_ci95_low_pp,adjusted_risk_difference_ci95_high_pp,vintages_passing_500_25,fdr_q_value
Observed versus adjusted,Two-digit NAICS,72,72,,38650,2964,7.66882277,7.40772501,7.93833436,7.72985257,8.18007071,0,0,0,7,
Observed versus adjusted,Two-digit NAICS,11,72,,5515,252,4.5693563,4.04914315,5.15281459,4.50594452,3.15394949,-5.02612122,-5.51114321,-4.54109923,6,0
Observed versus adjusted,Two-digit NAICS,21,72,,936,64,6.83760684,5.39082097,8.63723212,6.6583318,3.85757687,-4.32249384,-5.29337206,-3.35161562,0,0
Observed versus adjusted,Two-digit NAICS,23,72,,30974,2136,6.89610641,6.61923253,7.18367063,6.9177732,6.63434286,-1.54572785,-1.90509285,-1.18636285,7,0
Observed versus adjusted,Two-digit NAICS,31,72,,6352,412,6.4861461,5.90640449,7.11848709,6.53535718,6.1122202,-2.06785051,-2.65594651,-1.47975451,7,0
Observed versus adjusted,Two-digit NAICS,32,72,,6205,373,6.01128122,5.44663079,6.63036399,5.94160451,5.85386711,-2.3262036,-2.93142918,-1.72097803,7,0
Observed versus adjusted,Two-digit NAICS,33,72,,13361,775,5.80046404,5.41666669,6.20966995,5.80845604,5.4435749,-2.73649581,-3.18822051,-2.28477111,7,0
Observed versus adjusted,Two-digit NAICS,42,72,,17369,1312,7.5536876,7.17001149,7.95613505,7.58390953,6.25970018,-1.92037053,-2.34658672,-1.49415434,7,0
Observed versus adjusted,Two-digit NAICS,44,72,,31869,2334,7.32373153,7.04281423,7.61493589,7.29626326,7.98716853,-0.19290218,-0.56736358,0.18155923,7,0.31265486
Observed versus adjusted,Two-digit NAICS,45,72,,11927,1059,8.879014,8.38169,9.40281804,8.73857521,7.88129793,-0.29877278,-0.77826793,0.18072237,7,0.23309058
Observed versus adjusted,Two-digit NAICS,48,72,,13693,1053,7.69006061,7.25557188,8.14828211,7.43312472,6.28577451,-1.8942962,-2.31376622,-1.47482618,7,0
Observed versus adjusted,Two-digit NAICS,49,72,,968,64,6.61157025,5.21144341,8.35470543,6.48448622,6.28444633,-1.89562438,-3.24288909,-0.54835967,0,0.00643364
Observed versus adjusted,Two-digit NAICS,51,72,,3927,243,6.18792972,5.47633468,6.98515642,6.19608473,5.52866904,-2.65140167,-3.32490859,-1.97789475,5,0
Observed versus adjusted,Two-digit NAICS,52,72,,4834,175,3.62019032,3.12937341,4.18466244,3.58938529,4.61475393,-3.56531678,-4.20397104,-2.92666252,4,0
Observed versus adjusted,Two-digit NAICS,53,72,,6607,273,4.13198123,3.6781217,4.63914717,4.13299406,5.01572956,-3.16434115,-3.74859709,-2.58008522,6,0
Observed versus adjusted,Two-digit NAICS,54,72,,31637,1840,5.81597497,5.56339974,6.0792788,5.80532586,6.08286245,-2.09720827,-2.45039739,-1.74401914,7,0
Observed versus adjusted,Two-digit NAICS,56,72,,13797,897,6.50141335,6.10200227,6.92504006,6.47172746,5.98079428,-2.19927643,-2.62551156,-1.77304131,7,0
Observed versus adjusted,Two-digit NAICS,61,72,,4019,254,6.31998009,5.60862964,7.11475169,6.32848587,5.94938774,-2.23068297,-2.92712724,-1.53423871,6,0
Observed versus adjusted,Two-digit NAICS,62,72,,30034,1293,4.30512086,4.08135431,4.54057501,4.27816744,5.49853088,-2.68153983,-3.03996447,-2.32311519,7,0
Observed versus adjusted,Two-digit NAICS,71,72,,7866,638,8.11085685,7.5278002,8.7348077,8.10657824,7.28948194,-0.89058877,-1.43700072,-0.34417682,7,0.0016341
Observed versus adjusted,Two-digit NAICS,81,72,,26948,1764,6.54594033,6.25678555,6.84748217,6.53963173,6.95690715,-1.22316356,-1.59675447,-0.84957265,7,0
Observed versus adjusted,Two-digit NAICS,Other or thin,72,,469,24,5.11727079,3.462603,7.50121116,5.02484995,5.03056232,-3.14950839,-4.9571096,-1.34190718,0,0.00078795
Observed versus adjusted,ProjectState,CA,CA,,38412,2401,6.25065084,6.01291683,6.49713443,6.29479223,7.44247714,0,0,0,7,
Observed versus adjusted,ProjectState,AK,CA,,753,47,6.24169987,4.72608647,8.20151649,6.19978347,5.7547209,-1.68775624,-3.25229052,-0.12322197,0,0.04628533
Observed versus adjusted,ProjectState,AL,CA,,2259,190,8.41080124,7.33565914,9.62714916,8.35720108,7.19984171,-0.24263543,-1.18382349,0.69855263,0,0.66556873
Observed versus adjusted,ProjectState,AR,CA,,1711,133,7.77323203,6.59704067,9.13860985,7.57446266,6.52919354,-0.9132836,-1.96098231,0.13441511,0,0.1116159
Observed versus adjusted,ProjectState,AZ,CA,,6321,399,6.31229236,5.73892034,6.93873276,6.30405308,8.25264704,0.8101699,0.09360968,1.52673012,7,0.03679015
Observed versus adjusted,ProjectState,CO,CA,,7471,410,5.48788649,4.99396593,6.02755825,5.4893689,6.34889071,-1.09358643,-1.68531058,-0.50186228,7,0.00053189
Observed versus adjusted,ProjectState,CT,CA,,3319,205,6.1765592,5.40714925,7.04729566,6.11750783,6.77803692,-0.66444022,-1.49792235,0.16904191,2,0.14700523
Observed versus adjusted,ProjectState,DE,CA,,797,59,7.40276035,5.78230963,9.43187009,7.9969374,7.20558198,-0.23689516,-1.7757958,1.30200548,0,0.77812845
Observed versus adjusted,ProjectState,FL,CA,,12954,1166,9.00108075,8.520312,9.50615843,9.02482948,9.4901975,2.04772035,1.50875152,2.58668919,7,0
Observed versus adjusted,ProjectState,GA,CA,,8352,595,7.12404215,6.59187311,7.69563419,7.17964707,8.94783288,1.50535574,0.83751616,2.17319531,7,2.033e-05
Observed versus adjusted,ProjectState,HI,CA,,2103,127,6.03899192,5.09883627,7.13945806,5.7564617,3.65503971,-3.78743743,-4.40539025,-3.16948461,1,0
Observed versus adjusted,ProjectState,IA,CA,,2767,220,7.9508493,7.00016002,9.01813137,7.66651268,5.79799169,-1.64448545,-2.39738856,-0.89158233,2,3.651e-05
Observed versus adjusted,ProjectState,ID,CA,,3000,117,3.9,3.26413452,4.65377533,3.84249111,4.44306691,-2.99941023,-3.75847019,-2.24035027,0,0
Observed versus adjusted,ProjectState,IL,CA,,10072,834,8.28038125,7.75795112,8.83462297,8.27273396,8.3902788,0.94780166,0.38904726,1.50655607,7,0.00145651
Observed versus adjusted,ProjectState,IN,CA,,6953,467,6.71652524,6.15175155,7.32909984,6.71812204,6.68869646,-0.75378068,-1.34407659,-0.16348478,7,0.01745628
Observed versus adjusted,ProjectState,KS,CA,,2729,193,7.07218761,6.16948864,8.09557081,6.94751079,5.0815577,-2.36091944,-3.06533732,-1.65650155,0,0
Observed versus adjusted,ProjectState,KY,CA,,2990,224,7.4916388,6.60160409,8.49076019,7.33584866,7.36970424,-0.0727729,-0.96114566,0.81559987,2,0.87244428
Observed versus adjusted,ProjectState,LA,CA,,2652,215,8.10708899,7.12786132,9.20750604,8.09092486,6.04907118,-1.39340596,-2.21182026,-0.57499167,1,0.00143984
Observed versus adjusted,ProjectState,MA,CA,,11086,542,4.88904925,4.50303093,5.30631993,4.81790781,4.87304763,-2.56942951,-3.0063083,-2.13255072,7,0
Observed versus adjusted,ProjectState,MD,CA,,4163,298,7.1582993,6.41405334,7.98153778,7.16626813,6.74262258,-0.69985456,-1.41616737,0.01645824,6,0.07257859
Observed versus adjusted,ProjectState,ME,CA,,2108,93,4.41176471,3.61493104,5.37444921,4.27170564,4.16234142,-3.28013572,-4.12078489,-2.43948655,0,0
Observed versus adjusted,ProjectState,MI,CA,,11718,583,4.97525175,4.59611169,5.38390265,4.99314044,6.53378658,-0.90869056,-1.43444575,-0.38293538,7,0.00124036
Observed versus adjusted,ProjectState,MN,CA,,9185,488,5.31301034,4.87271259,5.7906715,5.28414298,4.55973592,-2.88274122,-3.33707932,-2.42840312,7,0
Observed versus adjusted,ProjectState,MO,CA,,6078,498,8.1934847,7.5300958,8.90968589,8.09026156,7.11677541,-0.32570173,-0.95282852,0.30142505,7,0.35783096
Observed versus adjusted,ProjectState,MS,CA,,3135,270,8.61244019,7.68033178,9.64585261,7.89183038,5.57096803,-1.87150911,-2.62451881,-1.1184994,2,2.74e-06
Observed versus adjusted,ProjectState,MT,CA,,1949,80,4.10466906,3.31039239,5.07950829,4.03362141,2.04005958,-5.40241756,-5.90385656,-4.90097856,0,0
Observed versus adjusted,ProjectState,NC,CA,,5808,385,6.62878788,6.01720359,7.2977064,6.50382219,6.4102681,-1.03220904,-1.70614564,-0.35827244,7,0.00402446
Observed versus adjusted,ProjectState,ND,CA,,1171,36,3.07429547,2.22880102,4.22666225,3.09888492,2.23000439,-5.21247275,-5.92528473,-4.49966077,0,0
Observed versus adjusted,ProjectState,NE,CA,,2425,166,6.84536082,5.90703118,7.92019734,6.63836405,5.6219818,-1.82049535,-2.60990367,-1.03108702,0,1.314e-05
Observed versus adjusted,ProjectState,NH,CA,,3022,158,5.22832561,4.48999918,6.08033186,5.09798015,5.11215524,-2.3303219,-3.10658033,-1.55406347,1,1e-08
Observed versus adjusted,ProjectState,NJ,CA,,7062,502,7.10846786,6.53217376,7.7313993,7.13365869,7.79055829,0.34808114,-0.29430879,0.99047108,7,0.34185389
Observed versus adjusted,ProjectState,NM,CA,,1489,79,5.30557421,4.27775839,6.56341017,5.27639484,3.61069171,-3.83178543,-4.65343028,-3.01014058,0,0
Observed versus adjusted,ProjectState,NV,CA,,2134,157,7.35707591,6.32437847,8.54302236,7.65431156,7.69570169,0.25322454,-0.79008204,1.29653113,0,0.67154013
Observed versus adjusted,ProjectState,NY,CA,,19167,1270,6.62597172,6.28245633,6.98686972,6.63134018,6.47505813,-0.96741901,-1.37318547,-0.56165255,7,6.59e-06
Observed versus adjusted,ProjectState,OH,CA,,17210,1066,6.19407321,5.84362513,6.56407285,6.26829619,8.20985878,0.76738163,0.28137612,1.25338715,7,0.00304475
Observed versus adjusted,ProjectState,OK,CA,,2773,220,7.93364587,6.98494094,8.99873928,7.78983635,5.93976791,-1.50270923,-2.26271488,-0.74270358,0,0.00020115
Observed versus adjusted,ProjectState,OR,CA,,4362,204,4.67675378,4.08906003,5.34420645,4.6789474,4.86364453,-2.57883262,-3.20705439,-1.95061084,5,0
Observed versus adjusted,ProjectState,Other or thin,CA,,848,53,6.25,4.80983778,8.08475166,6.10541938,3.24266159,-4.19981555,-5.07180551,-3.3278256,0,0
Observed versus adjusted,ProjectState,PA,CA,,9409,554,5.88797959,5.43009448,6.38186967,5.89522946,6.14831043,-1.29416671,-1.81523192,-0.7731015,7,2.74e-06
Observed versus adjusted,ProjectState,PR,CA,,2806,227,8.08980756,7.13725154,9.15695814,8.19366169,4.00274948,-3.43972766,-3.97399722,-2.9054581,1,0
Observed versus adjusted,ProjectState,RI,CA,,2001,105,5.24737631,4.35331078,6.31294205,5.26369677,6.04013566,-1.40234148,-2.41435323,-0.39032973,0,0.00963065
Observed versus adjusted,ProjectState,SC,CA,,2088,148,7.08812261,6.06437908,8.26947292,7.07480123,7.92115952,0.47868238,-0.64538253,1.60274729,0,0.45777042
Observed versus adjusted,ProjectState,SD,CA,,869,48,5.52359033,4.19125693,7.24741361,5.40053029,4.47170484,-2.97077231,-4.12400838,-1.81753623,0,1.19e-06
Observed versus adjusted,ProjectState,TN,CA,,2843,218,7.66795638,6.74598765,8.70416879,7.48940598,7.74185376,0.29937662,-0.65328313,1.25203636,2,0.59641586
Observed versus adjusted,ProjectState,TX,CA,,23730,1971,8.30594185,7.96152681,8.66385373,8.30324189,7.73847404,0.2959969,-0.09465268,0.68664649,7,0.16699393
Observed versus adjusted,ProjectState,UT,CA,,6920,372,5.37572254,4.86865995,5.93230167,5.38112997,4.8751665,-2.56731064,-3.07284814,-2.06177314,7,0
Observed versus adjusted,ProjectState,VA,CA,,4444,343,7.71827183,6.96962308,8.53995533,7.71902933,6.30911418,-1.13336296,-1.80687771,-0.45984822,6,0.00155112
Observed versus adjusted,ProjectState,VT,CA,,1430,72,5.03496503,4.01721885,6.29364627,4.98489465,4.01890805,-3.42356909,-4.33169216,-2.51544602,0,0
Observed versus adjusted,ProjectState,WA,CA,,8189,401,4.8968128,4.45019397,5.38572759,4.8722435,5.68825896,-1.75421818,-2.30192957,-1.2065068,7,0
Observed versus adjusted,ProjectState,WI,CA,,9256,500,5.40190147,4.95960441,5.8812017,5.40335531,6.11055738,-1.33191976,-1.87742507,-0.78641444,7,3.95e-06
Observed versus adjusted,ProjectState,WV,CA,,806,47,5.83126551,4.41331313,7.66824404,5.97220597,7.00238052,-0.44009663,-2.31349176,1.43329851,0,0.67154013
Observed versus adjusted,ProjectState,WY,CA,,658,43,6.53495441,4.88755258,8.68691569,6.63031972,3.92430226,-3.51817488,-4.61043424,-2.42591551,0,0
Observed versus adjusted,Business age,Existing,Existing,,188670,10631,5.6347061,5.5315574,5.73966138,5.63728696,6.03766118,0,0,0,7,
Observed versus adjusted,Business age,New or early-stage,Existing,,52905,4222,7.98034212,7.75246692,8.21431902,7.99295373,7.35241029,1.31474911,1.09034109,1.53915713,7,
Observed versus adjusted,Business age,Startup,Existing,,44437,3625,8.1576164,7.90672373,8.41574277,8.17908452,7.50453272,1.46687154,1.2143171,1.71942598,7,
Observed versus adjusted,Business age,Unknown,Existing,,21945,1721,7.84233311,7.49397853,8.20544445,7.72495244,6.66928956,0.63162838,0.33416151,0.92909525,7,
Observed versus adjusted,Business type,CORPORATION,CORPORATION,,264222,17210,6.51346216,6.42000282,6.60818597,6.52229755,6.53430442,0,0,0,7,
Observed versus adjusted,Business type,INDIVIDUAL,CORPORATION,,37469,2754,7.35007606,7.09019661,7.61869987,7.26313984,6.96940656,0.43510214,0.17945633,0.69074795,7,
Observed versus adjusted,Business type,PARTNERSHIP,CORPORATION,,6250,230,3.68,3.24097271,4.17593195,3.60205893,4.61316117,-1.92114325,-2.46760529,-1.3746812,4,
Observed versus adjusted,Business type,Unknown,CORPORATION,,16,5,31.25,14.16464385,55.59564417,30.71472813,17.75257304,11.21826862,-4.04542852,26.48196575,0,
Adjusted curve point,Gross Approval,16000,113700,16000,,,,,,,5.93295769,-0.93081722,-1.21261824,-0.6490162,,
Adjusted curve point,Gross Approval,35000,113700,35000,,,,,,,5.32652633,-1.53724859,-1.78266872,-1.29182845,,
Adjusted curve point,Gross Approval,113700,113700,113700,,,,,,,6.86377491,0,0,0,,
Adjusted curve point,Gross Approval,350000,113700,350000,,,,,,,7.67473963,0.81096472,0.44019293,1.1817365,,
Adjusted curve point,Gross Approval,965000,113700,965000,,,,,,,8.23571511,1.3719402,0.87771989,1.86616051,,
Adjusted curve point,Original term,12,84,12,,,,,,,50.08344049,45.10085953,44.18771836,46.0140007,,
Adjusted curve point,Original term,60,84,60,,,,,,,17.87093151,12.88835055,12.40499789,13.37170322,,
Adjusted curve point,Original term,84,84,84,,,,,,,4.98258096,0,0,0,,
Adjusted curve point,Original term,120,84,120,,,,,,,1.28762603,-3.69495493,-3.88916813,-3.50074173,,
Adjusted curve point,Original term,180,84,180,,,,,,,2.16213578,-2.82044518,-3.12285043,-2.51803993,,
Adjusted curve point,Original term,240,84,240,,,,,,,4.68182504,-0.30075591,-0.6863555,0.08484367,,
Adjusted curve point,Guarantee percentage,50,75,50,,,,,,,5.19816099,-3.53144327,-5.04176229,-2.02112425,,
Adjusted curve point,Guarantee percentage,75,75,75,,,,,,,8.72960426,0,0,0,,
Adjusted curve point,Guarantee percentage,85,75,85,,,,,,,8.77998348,0.05037922,-0.39965094,0.50040937,,
Adjusted curve point,Initial interest rate,4.75,6,4.75,,,,,,,2.50429989,-4.71202486,-4.91799321,-4.5060565,,
Adjusted curve point,Initial interest rate,5.25,6,5.25,,,,,,,3.43958713,-3.77673762,-3.98325156,-3.57022367,,
Adjusted curve point,Initial interest rate,6,6,6,,,,,,,7.21632475,0,0,0,,
Adjusted curve point,Initial interest rate,6.9,6,6.9,,,,,,,8.83080298,1.61447823,1.34274654,1.88620991,,
Adjusted curve point,Initial interest rate,8.25,6,8.25,,,,,,,11.87314279,4.65681803,4.24197417,5.0716619,,
