experiment_id,segment,value,loans,chargeoffs,prevalence,pr_auc,roc_auc,brier,calibration_intercept,calibration_slope,mean_predicted_risk
E05,approval_fy,2015,55336,3642,0.06581610524793986,0.6470394239361789,0.9652022933629182,0.03310615632583938,0.3734208010368267,1.089588564205765,0.057268310220910605
E05,approval_fy,2016,42103,2898,0.06883119967698263,0.6336686127568298,0.9601119832587093,0.035613818489167885,0.42781726666053516,1.0494786008433115,0.05677139006174226
E05,naics2,11,1762,76,0.043132803632236094,0.42973785166351086,0.899204751201848,0.030651529172488853,0.3711659221707103,1.1317916869773958,0.040165011750762335
E05,naics2,23,10432,673,0.06451303680981595,0.6457739420814206,0.9676179583230748,0.03216953991502716,0.3273150948739499,1.0882458001805564,0.05722825666204667
E05,naics2,31,2163,140,0.06472491909385113,0.6004605915790258,0.9471859331968082,0.03590285196074495,0.24313325505505715,1.0209632448214327,0.057334215829010944
E05,naics2,32,1580,92,0.05822784810126582,0.5658189853671661,0.9584684724170174,0.03402408125396249,0.39991189027621954,1.107943919077225,0.050190353752021834
E05,naics2,33,3569,207,0.05799943961894088,0.5619069871306093,0.9609546307552153,0.03318364539470262,0.22543275179169003,1.0739965964549867,0.053784927408599935
E05,naics2,42,4861,358,0.07364739765480353,0.6268972742965413,0.9610480039998165,0.038043417858682024,0.21231660746848446,1.0361624756314332,0.06730991107132037
E05,naics2,44,9508,646,0.06794278502313841,0.6428943076144076,0.9619034692949268,0.03441861015065453,0.20626875291877747,1.0579024544352023,0.06309718653934247
E05,naics2,45,3621,277,0.07649820491576913,0.6327914440570248,0.953718497918574,0.03994650875768503,0.2315053175966932,0.9907173364660102,0.06735164521786466
E05,naics2,48,5434,493,0.09072506440927494,0.7409883602815368,0.9676874748810815,0.040941712695620684,1.0604038094673884,1.1472525337010089,0.06085416287588245
E05,naics2,51,1169,76,0.06501283147989735,0.5803560047500982,0.9647878846246449,0.035223058873676535,0.3239140358182582,1.08989654408615,0.057437282257083604
E05,naics2,52,1742,64,0.03673938002296211,0.7847750420398417,0.9840677145411203,0.0175387114395784,1.3343649805941526,1.3399154193152694,0.024166913690978477
E05,naics2,53,2262,96,0.042440318302387266,0.6200498151681993,0.9742853570329332,0.023254017808359836,0.7259290089922382,1.252273686983708,0.034596129608349735
E05,naics2,54,9721,609,0.06264787573294929,0.6644599485552187,0.9692422774565306,0.03081246904478535,0.4801887531084861,1.0911447289823386,0.0517048508737689
E05,naics2,56,4652,317,0.0681427343078246,0.7088317222635743,0.9657355761009173,0.03236788317634,0.5446569718730181,1.1005231528005939,0.05495658099128442
E05,naics2,61,1317,89,0.06757782839787396,0.6029947745467895,0.9693573180104673,0.03436567964251653,0.6326860773569375,1.1581009894658825,0.05364969713228772
E05,naics2,62,8757,379,0.04327966198469796,0.6010283311975736,0.9716905250653332,0.023700172988350494,0.5606771453131777,1.1508653338954251,0.03563973692886612
E05,naics2,71,2889,254,0.0879196953963309,0.6539043287139635,0.9537390368898385,0.04304437935247128,0.3495754468384611,1.0144068481641602,0.07448280498930437
E05,naics2,72,12456,994,0.07980089916506101,0.6304325192551793,0.9527578575624047,0.04162525347120112,0.3127129541961413,1.0123344319887086,0.06830726914858654
E05,naics2,81,8847,650,0.07347123318639087,0.6694568189438735,0.964727996171207,0.035302610124223185,0.37758696659912916,1.069268121656827,0.06342501567581388
E05,project_state,AL,763,63,0.08256880733944955,0.680328012339944,0.9653061224489795,0.039148023215405385,0.4418803956194291,1.1025072665174134,0.07014720907588283
E05,project_state,AR,560,39,0.06964285714285715,0.6608979372550475,0.9328707121413455,0.03685724211547321,0.4513900834081676,1.1290176155709748,0.060730821781869136
E05,project_state,AZ,1971,123,0.0624048706240487,0.5935052112365425,0.9731021011508816,0.03450414991798713,0.7226471790652751,1.0009143649778174,0.043580263697393276
E05,project_state,CA,13375,951,0.07110280373831776,0.714321107011035,0.9771014497905415,0.0312991185950681,0.6855918956549394,1.1012706367183067,0.054818693019707376
E05,project_state,CO,2537,141,0.05557745368545526,0.6867088714927646,0.9752646254395623,0.026259767267482644,0.4117472704342261,1.1143809824713735,0.04802695128287376
E05,project_state,CT,1013,56,0.055281342546890426,0.6303057645779045,0.9719734288699806,0.02920388670059858,0.5440809619083531,1.16807300024811,0.04659001233047052
E05,project_state,FL,4869,449,0.09221606079277059,0.6804279030966828,0.9590515373529916,0.04495124890282325,0.708829570344489,0.966743998457128,0.06506025832731994
E05,project_state,GA,2894,194,0.06703524533517623,0.6760349084739596,0.9636912943871707,0.03304559321885807,0.5851573355098969,1.072871626348203,0.05248268432955637
E05,project_state,HI,886,62,0.06997742663656885,0.7337963349976891,0.9754345443156907,0.029954010720622756,0.450469403043252,1.3388383887173496,0.06604564067383957
E05,project_state,IA,617,46,0.07455429497568881,0.6587386903764311,0.9529429680956369,0.03788416840335784,0.1841439590792132,1.142377571136785,0.07343159856186808
E05,project_state,ID,893,34,0.03807390817469205,0.6980132795932737,0.9636033691707183,0.019765800020657413,0.30682807313645877,1.246244536159352,0.0385351006905279
E05,project_state,IL,2950,236,0.08,0.696078171187564,0.9655646178634326,0.038763526866990625,0.6856855173427896,1.1047474639106283,0.060387211911113424
E05,project_state,IN,2122,126,0.05937794533459001,0.507706472046067,0.9500568597512485,0.03745457445889779,0.1831307715451715,1.0610163508390156,0.05595403982502129
E05,project_state,KS,715,45,0.06293706293706294,0.6583886102589783,0.935290215588723,0.03544328836867123,-0.15466903533175907,1.1464463326290957,0.07617055313155127
E05,project_state,KY,858,52,0.06060606060606061,0.546622156252295,0.9437154037029968,0.037062667526778094,0.08514761182682808,1.0384684513433982,0.059382346765207455
E05,project_state,LA,632,57,0.09018987341772151,0.7459675394792118,0.9564607170099161,0.04446862446138365,0.8605236835263578,1.2132139360340504,0.06660350379964312
E05,project_state,MA,3816,236,0.06184486373165619,0.7227544158263911,0.9743466527790929,0.026996153877625863,0.6882000307435746,1.384947898200353,0.0557705465897563
E05,project_state,MD,1299,104,0.0800615858352579,0.6285406789635859,0.95095349211458,0.04328635414748447,0.17952115616354478,0.9603449001353778,0.07115804738915785
E05,project_state,MI,3804,206,0.054153522607781286,0.5974273119807686,0.9645872572140941,0.029847027598614757,0.5679811520830704,1.1377955785499068,0.04392819763472098
E05,project_state,MN,2595,136,0.05240847784200385,0.6288763874239316,0.9622395521852499,0.02853197721343904,0.09590989030389668,1.1334377624639511,0.05433819738208044
E05,project_state,MO,1705,126,0.07390029325513196,0.6111034840590309,0.9512575771283815,0.040828632027472216,0.39861923094965224,1.045503088369406,0.06125907079254994
E05,project_state,MS,713,39,0.0546984572230014,0.4261862638567911,0.9069466636232214,0.040308842708754684,-0.22446316717225312,1.0605042170594607,0.06849979985164963
E05,project_state,NC,1911,135,0.0706436420722135,0.5993271330149155,0.945752002002002,0.03833991680186955,0.06147652810366729,0.8963890105192331,0.06450492439243759
E05,project_state,NE,623,37,0.0593900481540931,0.5784506741929848,0.9109860713956278,0.03632628142672186,-0.1484309784674304,0.9254811605613873,0.06111190538090776
E05,project_state,NH,783,36,0.04597701149425287,0.7264967486601078,0.9878774356686004,0.020013556145927862,0.6068134232795369,1.719623825516861,0.04780207063537697
E05,project_state,NJ,2519,172,0.06828106391425169,0.6481113155734757,0.9643433973107678,0.03440313922229903,0.38660705684123453,1.06291704777143,0.05807153451473571
E05,project_state,NV,827,57,0.06892382103990327,0.6453583151486351,0.9588972431077695,0.03221786786145877,0.21492796419358154,0.9842563282712049,0.06188801994526206
E05,project_state,NY,6086,402,0.06605323693723299,0.5527131484398092,0.9626412711250223,0.03638855393213335,0.324700156992861,1.0302245873071292,0.056641616007922314
E05,project_state,OH,5505,359,0.06521344232515895,0.6687758271088333,0.9654641569242195,0.0329722917811612,0.8431148474992382,1.1395726887447286,0.04676665859979446
E05,project_state,OK,822,57,0.06934306569343066,0.5522532665539537,0.9357642472193555,0.04103232439218821,0.12084213913628263,1.147244585471375,0.07233520342621108
E05,project_state,OR,1395,76,0.05448028673835126,0.6314574023109234,0.9461264514584413,0.027767571084792223,0.16852218873848204,0.974510850361765,0.04884883153857688
E05,project_state,PA,2979,171,0.05740181268882175,0.594312592648796,0.9514690691591277,0.03189596027793913,0.11069124005452903,1.0338644958261443,0.05530121091984721
E05,project_state,PR,891,54,0.06060606060606061,0.48664536095997935,0.9403955927253418,0.042592937951074175,-0.8114131757205544,0.9475806192838601,0.09397081083428334
E05,project_state,RI,545,35,0.06422018348623854,0.8288208640521836,0.9854901960784314,0.02530355212315457,1.0278202340250326,1.6833741081600455,0.055182239326490655
E05,project_state,SC,715,47,0.06573426573426573,0.6844129091680129,0.9775767613708753,0.03010865804866763,0.42595628269072133,1.1383303236190283,0.05800277056085374
E05,project_state,TN,867,74,0.0853517877739331,0.6891212212857544,0.9528305102075594,0.04255896930449008,0.7809603884483206,1.029048763981961,0.05884085015164992
E05,project_state,TX,7632,704,0.09224318658280922,0.6711144725073586,0.9586361299010602,0.04523219216771871,0.48301395096230215,0.9763752348749845,0.07215222679018568
E05,project_state,UT,1818,96,0.052805280528052806,0.7166094332873222,0.9789307491289198,0.025434973413951262,0.3470418981959821,1.1770994243214017,0.04880064017751341
E05,project_state,VA,1386,113,0.08152958152958154,0.6644406858480434,0.9645948181773943,0.04045049009781094,0.4421245212818247,1.1670262488962468,0.07077418717438597
E05,project_state,WA,2561,116,0.04529480671612651,0.6808470121590829,0.9664903744446796,0.02193931830255236,0.3400186096739973,1.1677196644865755,0.04206105810569447
E05,project_state,WI,2425,133,0.05484536082474227,0.5672557714216185,0.9537308585600126,0.0331222209980644,0.18791931180314259,1.0187272782922678,0.04985775174985417
E05,business_age,Existing,55865,3156,0.05649333213998031,0.6315965428850467,0.9653546725605671,0.02980692827287847,0.4672606344601695,1.1085935962857734,0.04728865376949356
E05,business_age,New or early-stage,19454,1572,0.08080600390665159,0.661562854632374,0.9660181297354185,0.03768955919974997,0.3054224541608897,1.035580404323024,0.07113216178167951
E05,business_age,Startup,15264,1242,0.08136792452830188,0.6282576313279775,0.9470640913714841,0.04330954346207536,0.31331474774964657,1.0312790090708377,0.07015815845085265
E05,business_age,Unknown,6856,570,0.08313885647607934,0.6612771373962223,0.9604957549776445,0.039667045253015426,0.4775921037729451,1.050121831903526,0.06749784151494724
E05,business_type,CORPORATION,84455,5613,0.06646142916345983,0.6295381213893846,0.961653885747125,0.03458122619152999,0.37368219642094186,1.0631895350552987,0.056754324472461544
E05,business_type,INDIVIDUAL,11341,872,0.07688916321312053,0.7087952210425239,0.9696038478829152,0.03308388807747857,0.5823988487189862,1.1128574197823045,0.06268463478295719
E05,business_type,PARTNERSHIP,1642,55,0.03349573690621194,0.4730800492532349,0.9716904393652976,0.021710731221085605,0.27829099224519593,1.1939343111286087,0.0335861977567756
E05,processing_method,7a General,5528,338,0.06114327062228654,0.5533967843501729,0.9476243002588045,0.03686150904443719,0.17468866504628813,1.0164741300891365,0.05596283941123998
E05,processing_method,Community Advantage Initiative,1344,168,0.125,0.49711490841602934,0.9014643059604794,0.07668572733897693,-0.04871451528113403,0.8416822081608458,0.11742653945517542
E05,processing_method,Preferred Lenders Program,25335,1379,0.054430629563844486,0.6232063586648937,0.9619768826847287,0.029539137743348133,0.5151044891353688,1.109963919179947,0.04473892552325629
E05,processing_method,SBA Express Program,50024,3382,0.06760754837677914,0.6536158363153581,0.9673033794081223,0.0326965676064087,0.3610499752056115,1.0744696417606137,0.05867467459951872
E05,processing_method,Small Loan Advantage Initiative,13139,1196,0.09102671436182358,0.7029106007097191,0.9599881068296258,0.043365270027570076,0.7162469136839568,1.0848057999603982,0.0676831954322977
E05,processing_method,Working Capital CAPLine,627,25,0.03987240829346093,0.29747192594435445,0.8952823920265781,0.04183552856231358,-1.127490709235637,1.00397677410989,0.09322880658294332
E06,approval_fy,2015,55336,3642,0.06581610524793986,0.6565550369450177,0.9656616507094391,0.03253069814010279,0.31687503982104825,1.0756705846065873,0.058655838860077594
E06,approval_fy,2016,42103,2898,0.06883119967698263,0.6566713739240593,0.9616004520134428,0.03442033926295603,0.377743439677372,1.0424308959458777,0.05834475541615329
E06,naics2,11,1762,76,0.043132803632236094,0.49029548297581305,0.887931572704002,0.029365365606065265,0.16353259181813545,1.0711905297441362,0.04253441135063613
E06,naics2,23,10432,673,0.06451303680981595,0.6580967751608915,0.9681444658772709,0.030944787191255613,0.282850902937349,1.075374406007695,0.05834958385241633
E06,naics2,31,2163,140,0.06472491909385113,0.5859672832893401,0.9464762375538451,0.03514342009734625,0.14095355752216596,1.0097820518321274,0.06020694026431211
E06,naics2,32,1580,92,0.05822784810126582,0.5312078226123073,0.9530081229546515,0.03441181457550706,0.22234440399019523,1.0133652758633978,0.05176050908226952
E06,naics2,33,3569,207,0.05799943961894088,0.5869394514351531,0.9626466015455488,0.03239547123114324,0.24416049555988673,1.093865038172547,0.05409524737407804
E06,naics2,42,4861,358,0.07364739765480353,0.6620090748217442,0.9634672477814293,0.036889496422785745,0.1916699921774406,1.0521381491336708,0.06870564508773008
E06,naics2,44,9508,646,0.06794278502313841,0.6558918929004094,0.9623626951404158,0.03373919921853134,0.16698476440483837,1.043697800574257,0.06401474362648826
E06,naics2,45,3621,277,0.07649820491576913,0.6332141352636479,0.9566430742922286,0.03890935235127546,0.18425486660275234,0.9988280512926471,0.06961489824271212
E06,naics2,48,5434,493,0.09072506440927494,0.7643207165404116,0.9682090452327319,0.038380174488176357,0.8917421450406453,1.1195063162793906,0.06559116446801365
E06,naics2,51,1169,76,0.06501283147989735,0.6132657863435056,0.9659856984639091,0.033896803541876144,0.22806107558105151,1.0613919352895793,0.05964399904942679
E06,naics2,52,1742,64,0.03673938002296211,0.8063000484868545,0.986498063170441,0.01643590543897802,1.172486766522179,1.3346680958627584,0.026019395662646768
E06,naics2,53,2262,96,0.042440318302387266,0.6131216327942832,0.9758531471221914,0.023129868112399858,0.5631098761136321,1.1461941554337718,0.03520452618204367
E06,naics2,54,9721,609,0.06264787573294929,0.685800258361661,0.9696610759589478,0.029881631359651467,0.41119646649598146,1.0717930046529194,0.053294902108155504
E06,naics2,56,4652,317,0.0681427343078246,0.6995174181646169,0.9697928605474477,0.03129274818048567,0.5311065193946436,1.1008035153260982,0.05592781016033038
E06,naics2,61,1317,89,0.06757782839787396,0.6732574737510552,0.9732002342348938,0.032126404986832176,0.5347394154991162,1.1189376589647517,0.05590522951160249
E06,naics2,62,8757,379,0.04327966198469796,0.609772941429791,0.9725602170781498,0.023357880593880446,0.5356441167751826,1.14634630686703,0.03618760395209532
E06,naics2,71,2889,254,0.0879196953963309,0.7048692262646244,0.9571590790240403,0.040549475197823176,0.3960556609890992,1.0685654763294146,0.07525460700530688
E06,naics2,72,12456,994,0.07980089916506101,0.6448582698622753,0.952423623928179,0.04113203234623037,0.2516137227199705,0.9991419813052196,0.0701853793761209
E06,naics2,81,8847,650,0.07347123318639087,0.6652029811955685,0.9647295915015812,0.03573859397910781,0.33206860301268665,1.0455068531663256,0.06414692177568146
E06,project_state,AL,763,63,0.08256880733944955,0.6385877403089453,0.9633786848072563,0.040670779416328774,0.35597372176488584,1.0399883742039775,0.07096244065162599
E06,project_state,AR,560,39,0.06964285714285715,0.6240658348388732,0.9249963088734682,0.03694156909934975,0.1598577656996328,1.0554236774362145,0.0669182968138488
E06,project_state,AZ,1971,123,0.0624048706240487,0.5972565431895727,0.97127195297927,0.03412200777584964,0.526754106683555,0.9909387868090288,0.04811467042014932
E06,project_state,CA,13375,951,0.07110280373831776,0.7239631265366582,0.9766821602366573,0.029568293447222782,0.3436812695270026,1.0608446057804968,0.06269865340598049
E06,project_state,CO,2537,141,0.05557745368545526,0.6660583364800515,0.9748768633301365,0.026482705131396625,0.3683878458928249,1.1349099418803892,0.04986443555196551
E06,project_state,CT,1013,56,0.055281342546890426,0.6686111988599781,0.9692491416629347,0.029284083491592387,0.4888578799304646,1.1141568761447018,0.04649289436071788
E06,project_state,FL,4869,449,0.09221606079277059,0.7038202661423069,0.9629916657428776,0.03938992837209132,0.3051209644883188,0.9816485064000539,0.08042608361617067
E06,project_state,GA,2894,194,0.06703524533517623,0.6857321313759676,0.9641743031691485,0.0314621216412522,0.16990525121357447,1.0944224600780519,0.0646727364697003
E06,project_state,HI,886,62,0.06997742663656885,0.7774727032407778,0.9769417475728156,0.033245456323781584,1.3158454540795232,1.4400809262867817,0.047671377272020005
E06,project_state,IA,617,46,0.07455429497568881,0.6097958492493826,0.9530952562247773,0.04041375087920041,0.44736098821985204,1.1842234502806375,0.06690511233773316
E06,project_state,ID,893,34,0.03807390817469205,0.6608548295451941,0.9608984455248921,0.021881174005008806,0.8576872479865768,1.2871364946597141,0.030850063453948934
E06,project_state,IL,2950,236,0.08,0.672015631207303,0.9621782221500569,0.038495923119341906,0.32879154237755537,1.1379715155500214,0.07285501340966541
E06,project_state,IN,2122,126,0.05937794533459001,0.48374394969173873,0.9441621337913924,0.0387825884016538,0.17706590373048955,1.028313825587752,0.0545423313380359
E06,project_state,KS,715,45,0.06293706293706294,0.6512804717481092,0.9341293532338308,0.03491914289441723,0.06681502123739246,1.116114377647433,0.06614212540698386
E06,project_state,KY,858,52,0.06060606060606061,0.5430362404408353,0.9414726092765795,0.03722767109328672,0.11555560311499903,1.1193948093876815,0.06262459515720156
E06,project_state,LA,632,57,0.09018987341772151,0.7212929439287402,0.945720823798627,0.04813654244351118,1.1100403889134107,1.2737752087306327,0.06114340672764903
E06,project_state,MA,3816,236,0.06184486373165619,0.7600860048129381,0.9747561783921976,0.026542034571693855,0.8541220864896125,1.2193032026265025,0.04814812699506071
E06,project_state,MD,1299,104,0.0800615858352579,0.6143467974143852,0.9476182813002897,0.04469641198340009,0.19077139397536333,0.9452488438198695,0.06984182929193491
E06,project_state,MI,3804,206,0.054153522607781286,0.6525150804731914,0.967175669330858,0.028518159178480194,0.6174849105618201,1.1568094482674727,0.04387623153324958
E06,project_state,MN,2595,136,0.05240847784200385,0.649223046307836,0.9601434107599932,0.028508538951804253,0.4512326995176648,1.127947199561955,0.045176887493415745
E06,project_state,MO,1705,126,0.07390029325513196,0.6347907737422747,0.9476135187028158,0.03870486265134618,0.18424446018475632,1.03712744069684,0.06864715992242497
E06,project_state,MS,713,39,0.0546984572230014,0.49063567746645914,0.9074792665297117,0.037936042874803746,-0.04863227780840211,1.1225980539673626,0.06498640674353898
E06,project_state,NC,1911,135,0.0706436420722135,0.6467833713834498,0.9468051384718053,0.03775459162403514,0.4475368630020171,1.0374797072034567,0.05647717520615235
E06,project_state,NE,623,37,0.0593900481540931,0.5771190732501459,0.9084955262429666,0.036749428097090225,0.05610671855276809,0.9334205362723254,0.05337596350521525
E06,project_state,NH,783,36,0.04597701149425287,0.6530444049124046,0.985125687936933,0.022194939054285236,0.6302842987430344,1.588212403948977,0.046381576304357346
E06,project_state,NJ,2519,172,0.06828106391425169,0.6578628790250644,0.9646307507852676,0.03391352116680444,0.36071339631493554,1.1333481575066895,0.060973491536120826
E06,project_state,NV,827,57,0.06892382103990327,0.6591570224199006,0.952244246981089,0.033736199370200885,-0.1455905808380404,0.9543609596292849,0.07267059000528076
E06,project_state,NY,6086,402,0.06605323693723299,0.5981492506194993,0.9639758631193085,0.03535368108493269,0.3086571654147784,0.9918000468348045,0.05618198952263683
E06,project_state,OH,5505,359,0.06521344232515895,0.6864569419411581,0.9674014595537329,0.02944143403746902,0.3397904477896688,1.0515785230753227,0.057369517079786714
E06,project_state,OK,822,57,0.06934306569343066,0.5072839623100749,0.9289072354087834,0.04459091038152577,0.0026944205329468614,1.0527240472358308,0.07258752799032732
E06,project_state,OR,1395,76,0.05448028673835126,0.5898575008667054,0.9410687921471609,0.029649867177660088,0.19157289640605862,0.8786978017180728,0.04497595585817812
E06,project_state,PA,2979,171,0.05740181268882175,0.5935229570338686,0.9536203995268322,0.03160204354910391,0.3558121487557987,1.0717354692700112,0.049619515865221814
E06,project_state,PR,891,54,0.06060606060606061,0.5532173692466341,0.9419000840745165,0.037857976908108444,-0.35970810850455615,0.9747621612671132,0.0739528775641491
E06,project_state,RI,545,35,0.06422018348623854,0.8514158526744674,0.9867226890756303,0.024965055144376806,1.4427630099711193,1.7307995673256689,0.049561018989179584
E06,project_state,SC,715,47,0.06573426573426573,0.697489789117138,0.9765256720601351,0.030389554611645452,0.6425534484484988,1.2871506596887476,0.05587652325588471
E06,project_state,TN,867,74,0.0853517877739331,0.7283890483682608,0.956272792338366,0.04260203110774499,1.0201276887862778,1.1441027727049793,0.056332736131485095
E06,project_state,TX,7632,704,0.09224318658280922,0.678330545681711,0.9612039377427566,0.04434788472672049,0.405979581027643,0.9530595740694262,0.0748704836656762
E06,project_state,UT,1818,96,0.052805280528052806,0.696439265029006,0.9771401955090979,0.026316741117657187,0.24784085473178283,1.066800569157666,0.048555458916316324
E06,project_state,VA,1386,113,0.08152958152958154,0.6753436845194348,0.9597147008321226,0.04312691018419808,0.7500340524271841,1.158828829667618,0.060489099642084515
E06,project_state,WA,2561,116,0.04529480671612651,0.6378996715013582,0.9614202101403286,0.02297758219588851,0.3850251710559092,1.0989360084602717,0.03969428061461026
E06,project_state,WI,2425,133,0.05484536082474227,0.5826373590148083,0.955876274455773,0.032163320556312214,0.20113718626013188,1.064556060257947,0.051452462226566624
E06,business_age,Existing,55865,3156,0.05649333213998031,0.6546328801318225,0.9671722482729807,0.02882402367257155,0.4162433802785874,1.1044042478028222,0.04871377143046853
E06,business_age,New or early-stage,19454,1572,0.08080600390665159,0.6649441301814014,0.965658602207915,0.037368869035068704,0.24632540873022363,1.0097445965185412,0.07252503592572884
E06,business_age,Startup,15264,1242,0.08136792452830188,0.6403050364684439,0.946864698009638,0.04273171751362108,0.2927798627656913,1.023681140043195,0.07074617351746941
E06,business_age,Unknown,6856,570,0.08313885647607934,0.685139333592031,0.9612800096008394,0.03789866678305392,0.3572872924839928,1.0377202129790675,0.0714851595703981
E06,business_type,CORPORATION,84455,5613,0.06646142916345983,0.6432468927252156,0.9624517365256169,0.03381053939015219,0.323833888420345,1.0546310665976253,0.05816730342173753
E06,business_type,INDIVIDUAL,11341,872,0.07688916321312053,0.7312265862980047,0.9709623804136458,0.031654449449081086,0.49724527195977597,1.0876231157344394,0.06476193993550622
E06,business_type,PARTNERSHIP,1642,55,0.03349573690621194,0.4882533643809224,0.9737870195337114,0.021227789631185618,0.2696023359069647,1.1877181472484006,0.03366672120995621
E06,processing_method,7a General,5528,338,0.06114327062228654,0.5467012853306867,0.9463165965500336,0.037326943691756286,0.13444223256912974,0.9929301098991845,0.0561831120401072
E06,processing_method,Community Advantage Initiative,1344,168,0.125,0.5332016796432908,0.9031371477162293,0.07416991860632229,-0.12097873799823922,0.8514852040568801,0.1243338622952138
E06,processing_method,Preferred Lenders Program,25335,1379,0.054430629563844486,0.6328969686789151,0.9603140716888383,0.02929479246253443,0.5126577982823691,1.0983457658693352,0.044630485766807886
E06,processing_method,SBA Express Program,50024,3382,0.06760754837677914,0.6767808908907255,0.9697930042569685,0.031283117464095504,0.2773935672533151,1.0673517709175817,0.061151445294449214
E06,processing_method,Small Loan Advantage Initiative,13139,1196,0.09102671436182358,0.7056904826297727,0.9599562526235964,0.043122814500640934,0.6939230444456632,1.0799520747576952,0.06847407566084601
E06,processing_method,Working Capital CAPLine,627,25,0.03987240829346093,0.2936953327939173,0.891295681063123,0.04147700635482498,-1.129815824250841,0.969845199435185,0.0908471545006674
