period,field,row_count,missing_count,missing_percent
FY1991-FY1999,ApprovalDate,337033,0,0.0
FY1991-FY1999,ApprovalFY,337033,0,0.0
FY1991-FY1999,AsOfDate,337033,0,0.0
FY1991-FY1999,BankCity,337033,2214,0.6569
FY1991-FY1999,BankFDICNumber,337033,44469,13.1943
FY1991-FY1999,BankNCUANumber,337033,335966,99.6834
FY1991-FY1999,BankName,337033,2213,0.6566
FY1991-FY1999,BankState,337033,2251,0.6679
FY1991-FY1999,BankStreet,337033,2217,0.6578
FY1991-FY1999,BankZip,337033,2225,0.6602
FY1991-FY1999,BorrCity,337033,2,0.0006
FY1991-FY1999,BorrName,337033,4,0.0012
FY1991-FY1999,BorrState,337033,0,0.0
FY1991-FY1999,BorrStreet,337033,90,0.0267
FY1991-FY1999,BorrZip,337033,0,0.0
FY1991-FY1999,BusinessAge,337033,7,0.0021
FY1991-FY1999,BusinessType,337033,3963,1.1758
FY1991-FY1999,ChargeOffDate,337033,301780,89.5402
FY1991-FY1999,CollateralInd,337033,18444,5.4725
FY1991-FY1999,CongressionalDistrict,337033,993,0.2946
FY1991-FY1999,FirstDisbursementDate,337033,43915,13.0299
FY1991-FY1999,FixedorVariableInterestInd,337033,337033,100.0
FY1991-FY1999,FranchiseCode,337033,315465,93.6006
FY1991-FY1999,FranchiseName,337033,315465,93.6006
FY1991-FY1999,GrossApproval,337033,0,0.0
FY1991-FY1999,GrossChargeOffAmount,337033,0,0.0
FY1991-FY1999,InitialInterestRate,337033,337033,100.0
FY1991-FY1999,JobsSupported,337033,0,0.0
FY1991-FY1999,LoanStatus,337033,0,0.0
FY1991-FY1999,LocationID,337033,2213,0.6566
FY1991-FY1999,NaicsCode,337033,184071,54.6151
FY1991-FY1999,NaicsDescription,337033,184071,54.6151
FY1991-FY1999,PaidInFullDate,337033,80817,23.979
FY1991-FY1999,ProcessingMethod,337033,0,0.0
FY1991-FY1999,Program,337033,0,0.0
FY1991-FY1999,ProjectCounty,337033,256,0.076
FY1991-FY1999,ProjectState,337033,0,0.0
FY1991-FY1999,RevolverStatus,337033,0,0.0
FY1991-FY1999,SBADistrictOffice,337033,0,0.0
FY1991-FY1999,SBAGuaranteedApproval,337033,0,0.0
FY1991-FY1999,SoldSecMrktInd,337033,234670,69.6282
FY1991-FY1999,TermInMonths,337033,0,0.0
FY2000-FY2009,ApprovalDate,690333,0,0.0
FY2000-FY2009,ApprovalFY,690333,0,0.0
FY2000-FY2009,AsOfDate,690333,0,0.0
FY2000-FY2009,BankCity,690333,16,0.0023
FY2000-FY2009,BankFDICNumber,690333,70257,10.1773
FY2000-FY2009,BankNCUANumber,690333,679672,98.4557
FY2000-FY2009,BankName,690333,16,0.0023
FY2000-FY2009,BankState,690333,20,0.0029
FY2000-FY2009,BankStreet,690333,17,0.0025
FY2000-FY2009,BankZip,690333,16,0.0023
FY2000-FY2009,BorrCity,690333,0,0.0
FY2000-FY2009,BorrName,690333,3,0.0004
FY2000-FY2009,BorrState,690333,0,0.0
FY2000-FY2009,BorrStreet,690333,19,0.0028
FY2000-FY2009,BorrZip,690333,0,0.0
FY2000-FY2009,BusinessAge,690333,76,0.011
FY2000-FY2009,BusinessType,690333,526,0.0762
FY2000-FY2009,ChargeOffDate,690333,545987,79.0904
FY2000-FY2009,CollateralInd,690333,0,0.0
FY2000-FY2009,CongressionalDistrict,690333,2357,0.3414
FY2000-FY2009,FirstDisbursementDate,690333,83556,12.1037
FY2000-FY2009,FixedorVariableInterestInd,690333,653699,94.6933
FY2000-FY2009,FranchiseCode,690333,650698,94.2586
FY2000-FY2009,FranchiseName,690333,650699,94.2587
FY2000-FY2009,GrossApproval,690333,0,0.0
FY2000-FY2009,GrossChargeOffAmount,690333,0,0.0
FY2000-FY2009,InitialInterestRate,690333,653700,94.6934
FY2000-FY2009,JobsSupported,690333,0,0.0
FY2000-FY2009,LoanStatus,690333,0,0.0
FY2000-FY2009,LocationID,690333,16,0.0023
FY2000-FY2009,NaicsCode,690333,19777,2.8648
FY2000-FY2009,NaicsDescription,690333,19777,2.8648
FY2000-FY2009,PaidInFullDate,690333,230111,33.3333
FY2000-FY2009,ProcessingMethod,690333,0,0.0
FY2000-FY2009,Program,690333,0,0.0
FY2000-FY2009,ProjectCounty,690333,351,0.0508
FY2000-FY2009,ProjectState,690333,0,0.0
FY2000-FY2009,RevolverStatus,690333,0,0.0
FY2000-FY2009,SBADistrictOffice,690333,0,0.0
FY2000-FY2009,SBAGuaranteedApproval,690333,0,0.0
FY2000-FY2009,SoldSecMrktInd,690333,548850,79.5051
FY2000-FY2009,TermInMonths,690333,0,0.0
FY2010-FY2019,ApprovalDate,545751,0,0.0
FY2010-FY2019,ApprovalFY,545751,0,0.0
FY2010-FY2019,AsOfDate,545751,0,0.0
FY2010-FY2019,BankCity,545751,1,0.0002
FY2010-FY2019,BankFDICNumber,545751,39309,7.2027
FY2010-FY2019,BankNCUANumber,545751,528060,96.7584
FY2010-FY2019,BankName,545751,1,0.0002
FY2010-FY2019,BankState,545751,1,0.0002
FY2010-FY2019,BankStreet,545751,1,0.0002
FY2010-FY2019,BankZip,545751,1,0.0002
FY2010-FY2019,BorrCity,545751,0,0.0
FY2010-FY2019,BorrName,545751,30,0.0055
FY2010-FY2019,BorrState,545751,0,0.0
FY2010-FY2019,BorrStreet,545751,0,0.0
FY2010-FY2019,BorrZip,545751,0,0.0
FY2010-FY2019,BusinessAge,545751,1824,0.3342
FY2010-FY2019,BusinessType,545751,24,0.0044
FY2010-FY2019,ChargeOffDate,545751,511608,93.7439
FY2010-FY2019,CollateralInd,545751,0,0.0
FY2010-FY2019,CongressionalDistrict,545751,29,0.0053
FY2010-FY2019,FirstDisbursementDate,545751,67051,12.286
FY2010-FY2019,FixedorVariableInterestInd,545751,0,0.0
FY2010-FY2019,FranchiseCode,545751,498199,91.2869
FY2010-FY2019,FranchiseName,545751,498305,91.3063
FY2010-FY2019,GrossApproval,545751,0,0.0
FY2010-FY2019,GrossChargeOffAmount,545751,0,0.0
FY2010-FY2019,InitialInterestRate,545751,0,0.0
FY2010-FY2019,JobsSupported,545751,2,0.0004
FY2010-FY2019,LoanStatus,545751,0,0.0
FY2010-FY2019,LocationID,545751,1,0.0002
FY2010-FY2019,NaicsCode,545751,2,0.0004
FY2010-FY2019,NaicsDescription,545751,3,0.0005
FY2010-FY2019,PaidInFullDate,545751,151030,27.6738
FY2010-FY2019,ProcessingMethod,545751,0,0.0
FY2010-FY2019,Program,545751,0,0.0
FY2010-FY2019,ProjectCounty,545751,0,0.0
FY2010-FY2019,ProjectState,545751,0,0.0
FY2010-FY2019,RevolverStatus,545751,0,0.0
FY2010-FY2019,SBADistrictOffice,545751,0,0.0
FY2010-FY2019,SBAGuaranteedApproval,545751,0,0.0
FY2010-FY2019,SoldSecMrktInd,545751,417774,76.5503
FY2010-FY2019,TermInMonths,545751,0,0.0
FY2020-FY2026 YTD,ApprovalDate,388338,0,0.0
FY2020-FY2026 YTD,ApprovalFY,388338,0,0.0
FY2020-FY2026 YTD,AsOfDate,388338,0,0.0
FY2020-FY2026 YTD,BankCity,388338,0,0.0
FY2020-FY2026 YTD,BankFDICNumber,388338,41322,10.6407
FY2020-FY2026 YTD,BankNCUANumber,388338,377191,97.1296
FY2020-FY2026 YTD,BankName,388338,0,0.0
FY2020-FY2026 YTD,BankState,388338,0,0.0
FY2020-FY2026 YTD,BankStreet,388338,0,0.0
FY2020-FY2026 YTD,BankZip,388338,0,0.0
FY2020-FY2026 YTD,BorrCity,388338,0,0.0
FY2020-FY2026 YTD,BorrName,388338,2,0.0005
FY2020-FY2026 YTD,BorrState,388338,0,0.0
FY2020-FY2026 YTD,BorrStreet,388338,0,0.0
FY2020-FY2026 YTD,BorrZip,388338,0,0.0
FY2020-FY2026 YTD,BusinessAge,388338,186,0.0479
FY2020-FY2026 YTD,BusinessType,388338,34,0.0088
FY2020-FY2026 YTD,ChargeOffDate,388338,381450,98.2263
FY2020-FY2026 YTD,CollateralInd,388338,0,0.0
FY2020-FY2026 YTD,CongressionalDistrict,388338,24,0.0062
FY2020-FY2026 YTD,FirstDisbursementDate,388338,71186,18.3309
FY2020-FY2026 YTD,FixedorVariableInterestInd,388338,8,0.0021
FY2020-FY2026 YTD,FranchiseCode,388338,341756,88.0048
FY2020-FY2026 YTD,FranchiseName,388338,341920,88.047
FY2020-FY2026 YTD,GrossApproval,388338,0,0.0
FY2020-FY2026 YTD,GrossChargeOffAmount,388338,0,0.0
FY2020-FY2026 YTD,InitialInterestRate,388338,8,0.0021
FY2020-FY2026 YTD,JobsSupported,388338,0,0.0
FY2020-FY2026 YTD,LoanStatus,388338,0,0.0
FY2020-FY2026 YTD,LocationID,388338,0,0.0
FY2020-FY2026 YTD,NaicsCode,388338,0,0.0
FY2020-FY2026 YTD,NaicsDescription,388338,0,0.0
FY2020-FY2026 YTD,PaidInFullDate,388338,320136,82.4375
FY2020-FY2026 YTD,ProcessingMethod,388338,0,0.0
FY2020-FY2026 YTD,Program,388338,0,0.0
FY2020-FY2026 YTD,ProjectCounty,388338,0,0.0
FY2020-FY2026 YTD,ProjectState,388338,0,0.0
FY2020-FY2026 YTD,RevolverStatus,388338,0,0.0
FY2020-FY2026 YTD,SBADistrictOffice,388338,0,0.0
FY2020-FY2026 YTD,SBAGuaranteedApproval,388338,0,0.0
FY2020-FY2026 YTD,SoldSecMrktInd,388338,271574,69.9324
FY2020-FY2026 YTD,TermInMonths,388338,0,0.0
